,"Total Beds (ES,TH,SH)",,,,,,,,,,Emergency Shelter (ES),,,,,,,,,Transitional Housing (TH),,,,,,,,Safe Haven (SH),,,,,,Permanent Supportive Housing (PSH),,,,,,,,
CoC,"Total Year-Round Beds (ES,TH,SH)","Total Non-DV Year-Round Beds (ES,TH,SH)","Total HMIS Year-Round Beds (ES,TH,SH)","HMIS Participation Rate (ES,TH,SH)",Total Emergency Shelter (ES) Beds (excluding seasonal+overflow),Total Transitional Housing (TH) Beds,Total Safe Haven (SH) Beds,"Total Units for Households with Children (ES,TH)","Total Beds for Households with Children (ES,TH)","Total Beds for Households without Children (ES,TH,SH)",Total Year-Round ES Beds,Total Non-DV Year-Round ES Beds,Total HMIS Year-Round ES Beds,ES HMIS Participation Rate,Total Seasonal ES Beds,Total Overflow ES Beds,Total ES Units for Households with Children,Total ES Beds for Households with Children,Total ES Beds for Households without Children,Total TH Beds,Total Year-Round TH Beds,Total Non-DV Year-Round TH Beds,Total HMIS Year-Round TH Beds,TH HMIS Participation Rate,Total TH Units for Households with Children,Total TH Beds for Households with Children,Total TH Beds for Households without Children,Total SH Beds,Total Year-Round SH Beds,Total Non-DV Year-Round SH Beds,Total HMIS Year-Round SH Beds,SH HMIS Participation Rate,Total SH Beds for Households without Children,Total PSH Beds,Total Year-Round PSH Beds,Total Non-DV Year-Round PSH Beds,Total HMIS Year-Round PSH Beds,PSH HMIS Participation Rate,Total Chronic Homeless PSH Beds,Total PSH Units for Households with Children,Total PSH Beds for Households with Children,Total PSH Beds for Households without Children
AK-500,"1,056",972,839,86.30%,579,477,0,132,411,645,579,505,425,84.20%,0,52,46,207,372,477,477,467,414,88.70%,86,204,273,0,0,0,0,0.00%,0,449,449,449,369,82.20%,26,31,81,368
AK-501,883,527,389,73.80%,629,254,0,157,449,434,629,343,245,71.40%,20,7,126,354,275,254,254,184,144,78.30%,31,95,159,0,0,0,0,0.00%,0,137,137,132,65,49.20%,24,23,48,89
AL-500,"1,269","1,166",690,59.20%,330,905,34,161,524,745,330,285,275,96.50%,0,55,44,98,232,905,905,847,381,45.00%,117,426,479,34,34,34,34,100.00%,34,"1,336","1,336","1,336",987,73.90%,255,199,677,659
AL-501,415,332,322,97.00%,265,150,0,73,222,193,265,213,213,100.00%,0,25,35,115,150,150,150,119,109,91.60%,38,107,43,0,0,0,0,0.00%,0,180,180,180,170,94.40%,96,23,38,142
AL-502,291,209,34,16.30%,34,257,0,20,88,203,34,34,34,100.00%,0,10,3,18,16,257,257,175,0,0.00%,17,70,187,0,0,0,0,0.00%,0,79,79,79,0,0.00%,3,0,0,79
AL-503,571,525,362,69.00%,407,164,0,47,182,389,407,361,231,64.00%,0,0,17,66,341,164,164,164,131,79.90%,30,116,48,0,0,0,0,0.00%,0,123,123,123,54,43.90%,10,11,30,93
AL-504,375,311,308,99.00%,119,256,0,29,103,272,119,109,109,100.00%,0,3,6,19,100,256,256,202,199,98.50%,23,84,172,0,0,0,0,0.00%,0,282,282,282,227,80.50%,110,25,83,199
AL-505,405,374,98,26.20%,172,233,0,39,93,312,172,151,76,50.30%,66,41,32,82,90,233,233,223,22,9.90%,7,11,222,0,0,0,0,0.00%,0,20,20,20,12,60.00%,1,20,20,0
AL-506,339,320,219,68.40%,84,255,0,42,112,227,84,65,52,80.00%,0,35,12,37,47,255,255,255,167,65.50%,30,75,180,0,0,0,0,0.00%,0,142,142,142,20,14.10%,71,4,12,130
AL-507,832,728,19,2.60%,419,413,0,83,238,594,419,316,3,0.90%,20,1,77,217,202,413,413,412,16,3.90%,6,21,392,0,0,0,0,0.00%,0,371,371,371,0,0.00%,17,3,11,360
AR-500,"1,041",885,633,71.50%,494,547,0,113,327,714,494,438,243,55.50%,0,134,47,116,378,547,547,447,390,87.20%,66,211,336,0,0,0,0,0.00%,0,704,704,698,548,78.50%,77,110,303,401
AR-501,246,199,159,79.90%,140,106,0,43,121,125,140,93,93,100.00%,0,0,20,55,85,106,106,106,66,62.30%,23,66,40,0,0,0,0,0.00%,0,100,100,100,40,40.00%,0,0,0,100
AR-503,895,732,443,60.50%,574,321,0,194,349,546,574,435,278,63.90%,0,0,139,277,297,321,321,297,165,55.60%,55,72,249,0,0,0,0,0.00%,0,111,111,107,3,2.80%,7,26,31,80
AR-504,184,101,46,45.50%,132,52,0,27,75,109,132,49,26,53.10%,0,6,27,75,57,52,52,52,20,38.50%,.,.,52,0,0,0,0,0.00%,0,117,117,117,59,50.40%,0,14,18,99
AR-505,186,79,71,89.90%,152,34,0,29,90,96,152,61,61,100.00%,0,6,22,68,84,34,34,18,10,55.60%,7,22,12,0,0,0,0,0.00%,0,24,24,24,24,100.00%,12,4,12,12
AR-507,105,90,42,46.70%,68,37,0,29,52,53,68,53,17,32.10%,0,0,20,27,41,37,37,37,25,67.60%,9,25,12,0,0,0,0,0.00%,0,0,0,0,0,0.00%,0,0,0,0
AR-512,53,23,23,100.00%,30,23,0,9,38,15,30,0,0,0.00%,0,0,6,26,4,23,23,23,23,100.00%,3,12,11,0,0,0,0,0.00%,0,0,0,0,0,0.00%,0,0,0,0
AZ-500,"1,681","1,080",815,75.50%,973,708,0,265,875,806,973,500,344,68.80%,0,157,150,498,475,708,708,580,471,81.20%,115,377,331,0,0,0,0,0.00%,0,461,461,461,395,85.70%,138,44,156,305
AZ-501,"1,917","1,772","1,732",97.70%,607,"1,295",15,312,931,986,607,490,458,93.50%,219,33,73,193,414,"1,295","1,295","1,267","1,259",99.40%,239,738,557,15,15,15,15,100.00%,15,"1,056","1,056","1,006",757,75.20%,91,141,365,691
AZ-502,"5,150","4,201","3,526",83.90%,"2,511","2,614",25,923,"2,963","2,187","2,511","1,879","1,394",74.20%,0,63,341,"1,130","1,381","2,614","2,614","2,297","2,107",91.70%,582,"1,833",781,25,25,25,25,100.00%,25,"3,214","3,214","3,214","3,164",98.40%,597,331,"1,061","2,153"
CA-500,"1,843","1,667","1,603",96.20%,661,"1,172",10,343,"1,076",767,661,600,588,98.00%,471,4,89,303,358,"1,172","1,172","1,057","1,005",95.10%,254,773,399,10,10,10,10,100.00%,10,"2,493","2,493","2,493","1,090",43.70%,"1,526",462,"1,479","1,014"
CA-501,"2,713","2,580","2,248",87.10%,"1,851",837,25,250,809,"1,904","1,851","1,774","1,517",85.50%,130,0,124,418,"1,433",837,837,781,706,90.40%,126,391,446,25,25,25,25,100.00%,25,"6,998","6,998","6,998","6,441",92.00%,"3,823",521,"1,371","5,627"
CA-502,"2,214","1,961","1,515",77.30%,890,"1,324",0,387,"1,299",915,890,682,465,68.20%,190,22,102,447,443,"1,324","1,324","1,279","1,050",82.10%,285,852,472,0,0,0,0,0.00%,0,"2,189","2,189","2,159","1,686",78.10%,444,516,"1,120","1,069"
CA-503,"1,551","1,503","1,263",84.00%,627,924,0,188,600,951,627,579,441,76.20%,105,23,53,251,376,924,924,924,822,89.00%,135,349,575,0,0,0,0,0.00%,0,"1,950","1,950","1,950","1,687",86.50%,343,314,960,990
CA-504,"1,216","1,140",924,81.10%,536,680,0,213,627,589,536,514,438,85.20%,35,6,64,201,335,680,680,626,486,77.60%,149,426,254,0,0,0,0,0.00%,0,533,533,511,410,80.20%,151,63,216,317
CA-505,913,854,592,69.30%,498,415,0,148,439,474,498,474,276,58.20%,57,26,41,152,346,415,415,380,316,83.20%,107,287,128,0,0,0,0,0.00%,0,"1,027","1,027","1,027",806,78.50%,337,179,475,552
CA-506,933,865,667,77.10%,229,704,0,124,518,415,229,190,103,54.20%,84,0,19,65,164,704,704,675,564,83.60%,105,453,251,0,0,0,0,0.00%,0,236,236,236,100,42.40%,138,25,79,157
CA-507,512,416,407,97.80%,166,346,0,77,261,251,166,166,166,100.00%,50,15,14,49,117,346,346,250,241,96.40%,63,212,134,0,0,0,0,0.00%,0,490,490,490,487,99.40%,209,19,58,432
CA-508,599,581,480,82.60%,336,263,0,120,390,209,336,318,276,86.80%,129,14,57,177,159,263,263,263,204,77.60%,63,213,50,0,0,0,0,0.00%,0,163,163,163,118,72.40%,120,9,25,138
CA-509,177,153,143,93.50%,102,75,0,13,40,137,102,88,88,100.00%,0,30,2,12,90,75,75,65,55,84.60%,11,28,47,0,0,0,0,0.00%,0,352,352,352,271,77.00%,0,53,182,170
CA-510,741,699,313,44.80%,403,338,0,147,471,270,403,377,167,44.30%,202,0,82,293,110,338,338,322,146,45.30%,65,178,160,0,0,0,0,0.00%,0,312,312,312,312,100.00%,156,42,135,177
CA-511,"2,439","2,382","1,380",57.90%,"1,740",699,0,333,"1,135","1,304","1,740","1,683",713,42.40%,133,45,165,584,"1,156",699,699,699,667,95.40%,168,551,148,0,0,0,0,0.00%,0,473,473,473,439,92.80%,145,50,154,319
CA-512,932,876,817,93.30%,160,772,0,131,544,388,160,138,125,90.60%,30,0,28,86,74,772,772,738,692,93.80%,103,458,314,0,0,0,0,0.00%,0,536,536,536,473,88.20%,284,64,171,365
CA-513,531,495,357,72.10%,233,298,0,53,209,322,233,197,147,74.60%,0,44,21,100,133,298,298,298,210,70.50%,32,109,189,0,0,0,0,0.00%,0,40,40,40,5,12.50%,5,0,0,40
CA-514,"1,686","1,517",573,37.80%,982,680,24,378,"1,028",658,982,862,20,2.30%,20,0,278,691,291,680,680,631,529,83.80%,100,337,343,24,24,24,24,100.00%,24,457,457,457,333,72.90%,246,87,221,236
CA-515,551,449,262,58.40%,156,395,0,101,330,221,156,104,104,100.00%,38,18,21,71,85,395,395,345,158,45.80%,80,259,136,0,0,0,0,0.00%,0,142,142,142,126,88.70%,35,9,31,111
CA-516,450,450,450,100.00%,138,312,0,62,167,283,138,138,138,100.00%,0,41,4,46,92,312,312,312,312,100.00%,58,121,191,0,0,0,0,0.00%,0,44,44,44,44,100.00%,44,0,0,44
CA-517,182,139,133,95.70%,99,83,0,26,89,93,99,85,85,100.00%,50,105,11,42,57,83,83,54,48,88.90%,15,47,36,0,0,0,0,0.00%,0,29,29,28,11,39.30%,13,0,0,29
CA-518,382,335,222,66.30%,196,186,0,58,174,208,196,162,97,59.90%,0,30,42,128,68,186,186,173,125,72.30%,16,46,140,0,0,0,0,0.00%,0,93,93,93,93,100.00%,93,8,16,77
CA-519,390,360,210,58.30%,203,187,0,36,130,260,203,181,120,66.30%,0,0,10,32,171,187,187,179,90,50.30%,26,98,89,0,0,0,0,0.00%,0,235,235,235,201,85.50%,39,56,163,72
CA-520,227,215,190,88.40%,115,112,0,21,55,172,115,103,103,100.00%,0,20,4,28,87,112,112,112,87,77.70%,17,27,85,0,0,0,0,0.00%,0,10,10,10,10,100.00%,10,0,0,10
CA-521,262,237,182,76.80%,87,175,0,33,137,125,87,62,52,83.90%,35,13,9,36,51,175,175,175,130,74.30%,24,101,74,0,0,0,0,0.00%,0,127,127,127,25,19.70%,49,6,19,108
CA-522,399,385,297,77.10%,238,161,0,100,245,154,238,224,136,60.70%,0,78,54,116,122,161,161,161,161,100.00%,46,129,32,0,0,0,0,0.00%,0,41,41,41,36,87.80%,41,3,9,32
CA-523,316,185,153,82.70%,155,161,0,39,180,136,155,24,18,75.00%,28,0,19,88,67,161,161,161,135,83.90%,20,92,69,0,0,0,0,0.00%,0,0,0,0,0,0.00%,0,0,0,0
CA-524,368,313,0,0.00%,152,216,0,35,162,206,152,109,0,0.00%,30,0,10,43,109,216,216,204,0,0.00%,25,119,97,0,0,0,0,0.00%,0,0,0,0,0,0.00%,0,0,0,0
CA-525,174,136,0,0.00%,35,139,0,32,102,72,35,9,0,0.00%,40,33,10,30,5,139,139,127,0,0.00%,22,72,67,0,0,0,0,0.00%,0,0,0,0,0,0.00%,0,0,0,0
CA-526,175,107,85,79.40%,107,68,0,35,126,49,107,60,60,100.00%,0,20,19,69,38,68,68,47,25,53.20%,16,57,11,0,0,0,0,0.00%,0,10,10,10,10,100.00%,1,0,0,10
CA-528,46,18,0,0.00%,38,8,0,16,36,10,38,10,0,0.00%,0,0,8,28,10,8,8,8,0,0.00%,8,8,0,0,0,0,0,0.00%,0,0,0,0,0,0.00%,0,0,0,0
CA-600,"13,469","11,930","6,453",54.10%,"5,071","8,353",45,"1,304","4,157","9,312","5,071","4,496","2,187",48.60%,"1,356","4,676",418,"1,448","3,623","8,353","8,353","7,389","4,221",57.10%,886,"2,709","5,644",45,45,45,45,100.00%,45,"17,115","17,115","17,068","2,806",16.40%,"1,611","3,125","8,883","8,232"
CA-601,"3,982","3,452","3,330",96.50%,389,"3,534",59,513,"1,947","2,035",389,242,225,93.00%,613,136,32,193,196,"3,534","3,534","3,151","3,048",96.70%,481,"1,754","1,780",59,59,59,57,96.60%,59,"1,644","1,644","1,644","1,129",68.70%,433,181,525,"1,119"
CA-602,"2,614","2,245","1,734",77.20%,434,"2,180",0,553,"1,840",774,434,260,197,75.80%,722,0,126,246,188,"2,180","2,180","1,985","1,537",77.40%,427,"1,594",586,0,0,0,0,0.00%,0,"1,205","1,205","1,205","1,070",88.80%,439,137,425,780
CA-603,"1,044",924,587,63.50%,475,569,0,76,508,536,475,425,316,74.40%,156,70,28,242,233,569,569,499,271,54.30%,48,266,303,0,0,0,0,0.00%,0,587,587,587,123,21.00%,188,62,142,445
CA-604,716,624,483,77.40%,456,260,0,44,250,466,456,364,356,97.80%,0,98,36,226,230,260,260,260,127,48.80%,8,24,236,0,0,0,0,0.00%,0,666,666,666,650,97.60%,120,137,368,298
CA-605,292,267,253,94.80%,13,269,10,54,209,83,13,0,0,0.00%,114,0,4,13,0,269,269,257,243,94.60%,50,196,73,10,10,10,10,100.00%,10,324,324,324,305,94.10%,69,35,93,231
CA-606,"1,031",861,569,66.10%,347,659,25,119,422,609,347,285,103,36.10%,130,0,39,161,186,659,659,551,441,80.00%,80,261,398,25,25,25,25,100.00%,25,747,747,747,286,38.30%,196,72,222,525
CA-607,270,234,234,100.00%,126,144,0,34,156,114,126,90,90,100.00%,213,0,6,74,52,144,144,144,144,100.00%,28,82,62,0,0,0,0,0.00%,0,175,175,175,172,98.30%,76,10,32,143
CA-608,"1,420","1,192","1,092",91.60%,704,716,0,229,794,626,704,584,484,82.90%,72,12,103,308,396,716,716,608,608,100.00%,126,486,230,0,0,0,0,0.00%,0,508,508,508,478,94.10%,174,70,110,398
CA-609,"1,128",883,536,60.70%,414,714,0,211,896,232,414,325,171,52.60%,156,282,79,269,145,714,714,558,365,65.40%,132,627,87,0,0,0,0,0.00%,0,323,323,323,171,52.90%,81,31,115,208
CA-611,234,234,66,28.20%,105,129,0,31,129,105,105,105,0,0.00%,100,0,3,42,63,129,129,129,66,51.20%,28,87,42,0,0,0,0,0.00%,0,45,45,45,20,44.40%,13,0,0,45
CA-612,148,138,138,100.00%,50,98,0,32,136,12,50,40,40,100.00%,150,0,2,38,12,98,98,98,98,100.00%,30,98,0,0,0,0,0,0.00%,0,141,141,141,65,46.10%,27,33,88,53
CA-613,183,183,163,89.10%,107,76,0,81,133,50,107,107,107,100.00%,0,0,57,57,50,76,76,76,56,73.70%,24,76,.,0,0,0,0,0.00%,0,0,0,0,0,0.00%,0,0,0,0
CA-614,204,140,31,22.10%,134,70,0,19,87,117,134,101,0,0.00%,0,40,9,56,78,70,70,39,31,79.50%,10,31,39,0,0,0,0,0.00%,0,70,70,70,20,28.60%,17,1,3,67
CO-500,"1,141",774,632,81.70%,662,479,0,202,823,318,662,385,298,77.40%,40,65,101,415,247,479,479,389,334,85.90%,101,408,71,0,0,0,0,0.00%,0,469,469,469,226,48.20%,90,17,55,414
CO-503,"4,394","4,052","3,624",89.40%,"1,602","2,767",25,977,"2,362","2,032","1,602","1,287","1,094",85.00%,270,440,304,727,875,"2,767","2,767","2,740","2,505",91.40%,673,"1,635","1,132",25,25,25,25,100.00%,25,"2,241","2,241","2,241","2,116",94.40%,726,278,709,"1,532"
CO-504,826,794,688,86.60%,355,471,0,83,290,536,355,323,313,96.90%,0,127,20,88,267,471,471,471,375,79.60%,63,202,269,0,0,0,0,0.00%,0,237,237,237,160,67.50%,143,24,74,163
CT-501,689,672,589,87.60%,429,260,0,97,279,410,429,412,412,100.00%,78,13,54,175,254,260,260,260,177,68.10%,43,104,156,0,0,0,0,0.00%,0,807,807,807,659,81.70%,176,119,377,430
CT-502,710,675,627,92.90%,266,444,0,70,203,507,266,245,245,100.00%,164,30,20,55,211,444,444,430,382,88.80%,50,148,296,0,0,0,0,0.00%,0,714,714,714,559,78.30%,480,62,201,513
CT-503,523,499,320,64.10%,313,210,0,66,221,302,313,298,184,61.70%,0,74,43,140,173,210,210,201,136,67.70%,23,81,129,0,0,0,0,0.00%,0,806,806,800,473,59.10%,245,125,400,406
CT-505,"1,426","1,226","1,086",88.60%,885,541,0,205,645,781,885,770,687,89.20%,130,47,116,390,495,541,541,456,399,87.50%,89,255,286,0,0,0,0,0.00%,0,"1,735","1,735","1,693","1,351",79.80%,603,260,763,972
CT-506,146,134,131,97.80%,146,0,0,11,59,87,146,134,131,97.80%,3,50,11,59,87,0,0,0,0,0.00%,0,0,0,0,0,0,0,0.00%,0,177,177,177,177,100.00%,107,13,37,140
CT-508,246,231,231,100.00%,128,118,0,42,99,147,128,113,113,100.00%,16,27,14,36,92,118,118,118,118,100.00%,28,63,55,0,0,0,0,0.00%,0,128,128,128,86,67.20%,35,7,23,105
CT-512,166,152,152,100.00%,166,0,0,24,90,76,166,152,152,100.00%,0,19,24,90,76,0,0,0,0,0.00%,0,0,0,0,0,0,0,0.00%,0,354,354,354,289,81.60%,67,55,175,179
DC-500,"6,479","6,373","5,491",86.20%,"3,427","3,052",0,"1,024","3,033","3,446","3,427","3,341","3,177",95.10%,673,0,371,"1,082","2,345","3,052","3,052","3,032","2,314",76.30%,653,"1,951","1,101",0,0,0,0,0.00%,0,"5,566","5,566","5,531","3,266",59.00%,"3,882",696,"2,222","3,344"
DE-500,"1,216","1,146",682,59.50%,515,691,10,169,541,675,515,445,289,64.90%,125,101,68,201,314,691,691,691,383,55.40%,101,340,351,10,10,10,10,100.00%,10,471,471,471,383,81.30%,168,14,37,434
FL-500,"1,032",947,528,55.80%,433,599,0,90,316,716,433,372,334,89.80%,0,11,33,129,304,599,599,575,194,33.70%,57,187,412,0,0,0,0,0.00%,0,228,228,228,101,44.30%,18,3,18,210
FL-501,"1,234","1,084",699,64.50%,435,774,25,165,496,738,435,333,174,52.30%,0,0,51,114,321,774,774,726,500,68.90%,114,382,392,25,25,25,25,100.00%,25,737,737,737,268,36.40%,86,93,235,502
FL-502,"2,117","1,960","1,749",89.20%,"1,224",848,45,200,559,"1,558","1,224","1,165","1,116",95.80%,0,11,85,246,978,848,848,750,588,78.40%,115,313,535,45,45,45,45,100.00%,45,693,693,693,296,42.70%,94,20,74,619
FL-503,434,408,340,83.30%,200,234,0,37,170,264,200,174,142,81.60%,0,94,11,54,146,234,234,234,198,84.60%,26,116,118,0,0,0,0,0.00%,0,211,211,211,134,63.50%,22,34,90,121
FL-504,611,463,463,100.00%,95,516,0,87,374,237,95,38,38,100.00%,33,33,9,31,64,516,516,425,425,100.00%,78,343,173,0,0,0,0,0.00%,0,208,208,208,123,59.10%,68,18,54,154
FL-505,357,308,196,63.60%,150,207,0,79,163,194,150,122,104,85.20%,130,35,45,86,64,207,207,186,92,49.50%,34,77,130,0,0,0,0,0.00%,0,75,75,75,75,100.00%,75,0,0,75
FL-506,799,670,512,76.40%,333,466,0,87,302,497,333,276,197,71.40%,100,118,38,123,210,466,466,394,315,79.90%,49,179,287,0,0,0,0,0.00%,0,489,489,489,383,78.30%,139,80,300,189
FL-507,"2,837","2,574","1,879",73.00%,"1,112","1,700",25,374,"1,325","1,512","1,112",916,797,87.00%,0,305,95,365,747,"1,700","1,700","1,633","1,057",64.70%,279,960,740,25,25,25,25,100.00%,25,811,811,811,148,18.20%,98,25,56,755
FL-508,491,375,161,42.90%,267,224,0,71,222,269,267,185,54,29.20%,94,31,33,130,137,224,224,190,107,56.30%,38,92,132,0,0,0,0,0.00%,0,299,299,299,299,100.00%,118,21,72,227
FL-509,233,185,185,100.00%,109,124,0,59,205,28,109,61,61,100.00%,0,0,29,99,10,124,124,124,124,100.00%,30,106,18,0,0,0,0,0.00%,0,221,221,221,210,95.00%,143,38,56,165
FL-510,"1,747","1,606","1,456",90.70%,827,920,0,257,758,989,827,686,672,98.00%,110,93,63,267,560,920,920,920,784,85.20%,194,491,429,0,0,0,0,0.00%,0,916,916,916,699,76.30%,289,60,172,744
FL-511,718,647,491,75.90%,200,518,0,62,269,449,200,129,101,78.30%,0,22,22,110,90,518,518,518,390,75.30%,40,159,359,0,0,0,0,0.00%,0,247,247,247,202,81.80%,84,0,0,247
FL-512,232,164,144,87.80%,81,151,0,73,177,55,81,37,37,100.00%,0,50,18,36,45,151,151,127,107,84.30%,55,141,10,0,0,0,0,0.00%,0,40,40,40,4,10.00%,0,0,0,40
FL-513,677,657,521,79.30%,124,553,0,106,395,282,124,104,54,51.90%,132,0,11,50,74,553,553,553,467,84.40%,95,345,208,0,0,0,0,0.00%,0,147,147,147,147,100.00%,0,18,59,88
FL-514,672,604,361,59.80%,219,453,0,21,256,416,219,151,151,100.00%,30,3,3,133,86,453,453,453,210,46.40%,18,123,330,0,0,0,0,0.00%,0,80,80,80,65,81.30%,12,33,52,28
FL-515,271,238,234,98.30%,104,167,0,40,113,158,104,71,71,100.00%,16,48,9,39,65,167,167,167,163,97.60%,31,74,93,0,0,0,0,0.00%,0,35,35,35,0,0.00%,0,0,0,35
FL-516,106,106,72,67.90%,40,66,0,18,76,30,40,40,40,100.00%,0,0,2,30,10,66,66,66,32,48.50%,16,46,20,0,0,0,0,0.00%,0,12,12,12,12,100.00%,0,4,12,0
FL-517,125,125,16,12.80%,64,61,0,17,46,79,64,64,0,0.00%,0,0,3,8,56,61,61,61,16,26.20%,14,38,23,0,0,0,0,0.00%,0,84,84,84,32,38.10%,28,8,38,46
FL-518,105,55,55,100.00%,54,51,0,33,87,18,54,12,12,100.00%,0,0,4,52,2,51,51,43,43,100.00%,29,35,16,0,0,0,0,0.00%,0,36,36,36,11,30.60%,0,36,36,0
FL-519,221,165,165,100.00%,161,60,0,35,82,139,161,105,105,100.00%,60,0,35,82,79,60,60,60,60,100.00%,.,.,60,0,0,0,0,0.00%,0,172,172,172,64,37.20%,144,53,138,34
FL-520,435,317,268,84.50%,190,245,0,77,237,198,190,78,54,69.20%,30,28,42,146,44,245,245,239,214,89.50%,35,91,154,0,0,0,0,0.00%,0,75,75,75,67,89.30%,15,6,18,57
FL-600,"3,406","2,906","2,195",75.50%,"1,429","1,949",28,461,"1,588","1,818","1,429","1,300","1,017",78.20%,0,156,207,632,797,"1,949","1,949","1,578","1,150",72.90%,254,956,993,28,28,28,28,100.00%,28,"2,851","2,851","2,851","2,628",92.20%,703,366,"1,224","1,627"
FL-601,"2,764","2,702","1,585",58.70%,717,"2,012",35,226,697,"2,067",717,655,572,87.30%,0,538,53,243,474,"2,012","2,012","2,012",978,48.60%,173,454,"1,558",35,35,35,35,100.00%,35,"1,562","1,562","1,562",613,39.20%,274,290,931,631
FL-602,192,168,143,85.10%,76,112,4,51,57,135,76,52,52,100.00%,0,5,12,18,58,112,112,112,87,77.70%,39,39,73,4,4,4,4,100.00%,4,51,51,51,47,92.20%,3,6,12,39
FL-603,520,440,340,77.30%,260,260,0,28,117,403,260,180,160,88.90%,0,0,24,105,155,260,260,260,180,69.20%,4,12,248,0,0,0,0,0.00%,0,315,315,315,99,31.40%,59,200,206,109
FL-604,418,360,360,100.00%,228,190,0,34,110,308,228,170,170,100.00%,0,60,20,62,166,190,190,190,190,100.00%,14,48,142,0,0,0,0,0.00%,0,174,174,174,160,92.00%,56,13,31,143
FL-605,880,680,540,79.40%,398,466,16,89,368,512,398,294,280,95.20%,0,91,53,240,158,466,466,370,244,65.90%,36,128,338,16,16,16,16,100.00%,16,957,957,957,669,69.90%,74,150,567,390
FL-606,340,256,216,84.40%,244,96,0,34,107,233,244,184,184,100.00%,0,15,21,65,179,96,96,72,32,44.40%,13,42,54,0,0,0,0,0.00%,0,60,60,60,44,73.30%,14,6,12,48
GA-500,"5,890","5,786","3,600",62.20%,"2,496","3,394",0,453,"1,973","3,917","2,496","2,441","1,421",58.20%,50,165,85,484,"2,012","3,394","3,394","3,345","2,179",65.10%,368,"1,489","1,905",0,0,0,0,0.00%,0,"2,587","2,587","2,587","1,558",60.20%,"2,209",589,"1,363","1,224"
GA-501,"3,056","1,842","1,536",83.40%,"1,531","1,525",0,616,"2,033","1,023","1,531",876,659,75.20%,0,0,248,784,747,"1,525","1,525",966,877,90.80%,368,"1,249",276,0,0,0,0,0.00%,0,"1,910","1,910","1,854","1,118",60.30%,320,374,977,933
GA-503,214,198,148,74.70%,110,104,0,30,118,96,110,94,92,97.90%,97,0,9,40,70,104,104,104,56,53.80%,21,78,26,0,0,0,0,0.00%,0,89,89,89,89,100.00%,69,9,20,69
GA-504,532,532,279,52.40%,278,254,0,66,193,339,278,278,130,46.80%,0,32,23,74,204,254,254,254,149,58.70%,43,119,135,0,0,0,0,0.00%,0,92,92,92,69,75.00%,24,16,40,52
GA-505,306,267,97,36.30%,234,72,0,23,101,205,234,195,53,27.20%,6,3,21,85,149,72,72,72,44,61.10%,2,16,56,0,0,0,0,0.00%,0,155,155,155,155,100.00%,48,0,0,155
GA-506,410,332,322,97.00%,113,297,0,79,229,181,113,81,81,100.00%,0,0,17,38,75,297,297,251,241,96.00%,62,191,106,0,0,0,0,0.00%,0,132,132,132,89,67.40%,30,18,46,86
GA-507,759,711,477,67.10%,375,384,0,52,180,579,375,327,267,81.70%,40,0,17,61,314,384,384,384,210,54.70%,35,119,265,0,0,0,0,0.00%,0,547,547,547,472,86.30%,142,106,321,226
GU-500,264,199,194,97.50%,109,155,0,60,193,71,109,54,54,100.00%,0,7,25,75,34,155,155,145,140,96.60%,35,118,37,0,0,0,0,0.00%,0,101,101,101,53,52.50%,64,10,37,64
HI-500,866,758,758,100.00%,361,505,0,152,613,253,361,273,273,100.00%,0,3,58,218,143,505,505,485,485,100.00%,94,395,110,0,0,0,0,0.00%,0,218,218,218,218,100.00%,111,20,60,158
HI-501,"3,384","3,283","3,107",94.60%,"1,161","2,198",25,623,"2,408",976,"1,161","1,078","1,043",96.80%,0,61,162,675,486,"2,198","2,198","2,180","2,039",93.50%,461,"1,733",465,25,25,25,25,100.00%,25,849,849,849,804,94.70%,344,55,197,652
IA-500,464,251,128,51.00%,179,285,0,133,311,153,179,148,29,19.60%,0,12,33,73,106,285,285,103,99,96.10%,100,238,47,0,0,0,0,0.00%,0,32,32,32,7,21.90%,10,3,3,29
IA-501,"2,433","2,012","1,715",85.20%,"1,014","1,419",0,442,"1,543",890,"1,014",644,487,75.60%,37,35,152,528,486,"1,419","1,419","1,368","1,228",89.80%,290,"1,015",404,0,0,0,0,0.00%,0,398,398,398,306,76.90%,53,50,164,234
IA-502,"1,085","1,014",956,94.30%,385,700,0,149,398,687,385,327,304,93.00%,0,9,49,147,238,700,700,687,652,94.90%,100,251,449,0,0,0,0,0.00%,0,464,464,464,337,72.60%,69,88,263,201
ID-500,793,689,315,45.70%,496,297,0,121,309,484,496,440,169,38.40%,0,23,74,177,319,297,297,249,146,58.60%,47,132,165,0,0,0,0,0.00%,0,205,205,205,128,62.40%,110,29,84,121
ID-501,"1,102",823,618,75.10%,462,640,0,228,715,387,462,227,166,73.10%,0,25,94,246,216,640,640,596,452,75.80%,134,469,171,0,0,0,0,0.00%,0,334,334,334,309,92.50%,108,57,162,172
IL-500,185,157,126,80.30%,14,171,0,30,103,82,14,14,14,100.00%,40,14,2,6,8,171,171,143,112,78.30%,28,97,74,0,0,0,0,0.00%,0,26,26,26,26,100.00%,26,0,0,26
IL-501,457,342,305,89.20%,231,226,0,85,179,278,231,143,143,100.00%,0,26,41,92,139,226,226,199,162,81.40%,44,87,139,0,0,0,0,0.00%,0,257,257,257,141,54.90%,4,24,76,181
IL-502,368,284,222,78.20%,176,177,15,65,230,138,176,141,79,56.00%,132,13,29,94,82,177,177,128,128,100.00%,36,136,41,15,15,15,15,100.00%,15,172,172,172,87,50.60%,45,10,26,146
IL-503,305,286,166,58.00%,16,289,0,40,117,188,16,16,0,0.00%,8,0,7,16,0,289,289,270,166,61.50%,33,101,188,0,0,0,0,0.00%,0,97,97,97,69,71.10%,35,20,51,46
IL-504,244,208,188,90.40%,120,124,0,61,198,46,120,84,84,100.00%,0,6,28,77,43,124,124,124,104,83.90%,33,121,3,0,0,0,0,0.00%,0,117,117,117,117,100.00%,37,13,37,80
IL-506,393,349,349,100.00%,142,251,0,76,224,169,142,122,122,100.00%,0,275,14,40,102,251,251,227,227,100.00%,62,184,67,0,0,0,0,0.00%,0,290,290,290,290,100.00%,155,70,205,85
IL-507,470,393,227,57.80%,313,157,0,46,145,325,313,262,96,36.60%,0,25,17,47,266,157,157,131,131,100.00%,29,98,59,0,0,0,0,0.00%,0,195,195,195,189,96.90%,111,23,49,146
IL-508,246,200,196,98.00%,99,147,0,61,179,67,99,53,49,92.50%,0,16,30,89,10,147,147,147,147,100.00%,31,90,57,0,0,0,0,0.00%,0,221,221,221,209,94.60%,45,41,100,121
IL-509,92,58,34,58.60%,24,68,0,25,70,22,24,24,0,0.00%,0,7,1,4,20,68,68,34,34,100.00%,24,66,2,0,0,0,0,0.00%,0,119,119,119,54,45.40%,0,10,50,69
IL-510,"6,023","5,799","3,950",68.10%,"2,506","3,476",41,793,"2,793","3,230","2,506","2,452","1,164",47.50%,39,500,72,414,"2,092","3,476","3,476","3,306","2,745",83.00%,721,"2,379","1,097",41,41,41,41,100.00%,41,"7,828","7,828","7,828","6,441",82.30%,"1,613",887,"2,597","5,231"
IL-511,894,764,739,96.70%,188,691,15,177,597,297,188,81,68,84.00%,332,37,15,93,95,691,691,668,656,98.20%,162,504,187,15,15,15,15,100.00%,15,549,549,549,349,63.60%,241,75,242,307
IL-512,535,479,363,75.80%,336,175,24,93,271,264,336,280,227,81.10%,89,129,38,124,212,175,175,175,112,64.00%,55,147,28,24,24,24,24,100.00%,24,99,99,99,99,100.00%,13,13,45,54
IL-513,278,246,246,100.00%,186,92,0,34,81,197,186,154,154,100.00%,50,0,10,35,151,92,92,92,92,100.00%,24,46,46,0,0,0,0,0.00%,0,138,138,138,119,86.20%,42,61,85,53
IL-514,715,649,649,100.00%,206,509,0,141,417,298,206,165,165,100.00%,0,29,25,57,149,509,509,484,484,100.00%,116,360,149,0,0,0,0,0.00%,0,258,258,258,258,100.00%,92,40,130,128
IL-515,182,154,81,52.60%,61,121,0,49,156,26,61,48,0,0.00%,0,0,13,38,23,121,121,106,81,76.40%,36,118,3,0,0,0,0,0.00%,0,24,24,24,24,100.00%,0,7,19,5
IL-516,214,186,140,75.30%,98,109,7,54,119,95,98,70,32,45.70%,15,0,21,39,59,109,109,109,101,92.70%,33,80,29,7,7,7,7,100.00%,7,106,106,106,102,96.20%,37,22,58,48
IL-517,459,417,417,100.00%,316,143,0,55,169,290,316,288,288,100.00%,0,1,26,84,232,143,143,129,129,100.00%,29,85,58,0,0,0,0,0.00%,0,88,88,88,88,100.00%,60,0,0,88
IL-518,326,223,158,70.90%,163,163,0,69,163,163,163,100,61,61.00%,54,0,26,56,107,163,163,123,97,78.90%,43,107,56,0,0,0,0,0.00%,0,18,18,18,18,100.00%,0,0,0,18
IL-519,179,150,93,62.00%,56,123,0,36,124,55,56,29,14,48.30%,0,110,7,21,35,123,123,121,79,65.30%,29,103,20,0,0,0,0,0.00%,0,53,53,53,53,100.00%,0,11,53,0
IL-520,480,371,218,58.80%,344,136,0,83,266,214,344,263,154,58.60%,0,4,55,178,166,136,136,108,64,59.30%,28,88,48,0,0,0,0,0.00%,0,178,178,178,142,79.80%,3,37,113,65
IN-500,584,456,443,97.10%,154,430,0,88,287,297,154,82,82,100.00%,68,8,24,66,88,430,430,374,361,96.50%,64,221,209,0,0,0,0,0.00%,0,121,121,113,113,100.00%,22,8,24,97
IN-502,"4,767","3,739","2,448",65.50%,"2,768","1,999",0,900,"2,742","2,025","2,768","2,040","1,226",60.10%,104,300,444,"1,377","1,391","1,999","1,999","1,699","1,222",71.90%,456,"1,365",634,0,0,0,0,0.00%,0,993,993,993,892,89.80%,175,116,365,628
IN-503,"1,894","1,651",682,41.30%,916,953,25,240,854,"1,040",916,792,396,50.00%,174,102,147,528,388,953,953,834,261,31.30%,93,326,627,25,25,25,25,100.00%,25,"1,081","1,081","1,081",678,62.70%,239,156,382,699
KS-501,207,185,122,65.90%,33,174,0,34,107,100,33,33,25,75.80%,0,0,0,0,33,174,174,152,97,63.80%,34,107,67,0,0,0,0,0.00%,0,66,66,66,17,25.80%,21,0,0,66
KS-502,550,452,252,55.80%,385,145,20,77,245,305,385,318,118,37.10%,100,0,40,130,255,145,145,114,114,100.00%,37,115,30,20,20,20,20,100.00%,20,477,477,477,346,72.50%,187,58,177,300
KS-503,424,408,385,94.40%,325,99,0,44,200,224,325,309,286,92.60%,0,89,32,132,193,99,99,99,99,100.00%,12,68,31,0,0,0,0,0.00%,0,377,377,377,282,74.80%,124,17,36,341
KS-505,203,114,114,100.00%,104,99,0,57,183,20,104,59,59,100.00%,0,0,33,96,8,99,99,55,55,100.00%,24,87,12,0,0,0,0,0.00%,0,39,39,39,17,43.60%,7,2,12,27
KS-507,"1,558","1,199",641,53.50%,863,695,0,273,860,698,863,532,339,63.70%,45,70,133,464,399,695,695,667,302,45.30%,140,396,299,0,0,0,0,0.00%,0,188,188,188,64,34.00%,91,11,24,164
KY-500,"2,371","1,795","1,183",65.90%,"1,356","1,015",0,535,"1,427",944,"1,356",986,621,63.00%,32,33,269,654,702,"1,015","1,015",809,562,69.50%,266,773,242,0,0,0,0,0.00%,0,"1,208","1,208","1,017",960,94.40%,210,291,738,470
KY-501,"1,390","1,262","1,115",88.40%,685,695,10,174,453,937,685,602,475,78.90%,0,223,77,178,507,695,695,650,630,96.90%,97,275,420,10,10,10,10,100.00%,10,"1,396","1,396","1,396","1,151",82.40%,127,232,645,751
KY-502,"1,628","1,565",856,54.70%,532,"1,094",2,189,479,"1,149",532,469,329,70.10%,0,0,48,141,391,"1,094","1,094","1,094",525,48.00%,141,338,756,2,2,2,2,100.00%,2,491,491,401,184,45.90%,293,52,160,331
LA-500,697,571,482,84.40%,243,454,0,116,331,366,243,143,142,99.30%,0,63,31,100,143,454,454,428,340,79.40%,85,231,223,0,0,0,0,0.00%,0,115,115,115,115,100.00%,42,15,53,62
LA-501,202,137,98,71.50%,152,50,0,22,121,81,152,87,48,55.20%,0,1,18,113,39,50,50,50,50,100.00%,4,8,42,0,0,0,0,0.00%,0,165,165,165,94,57.00%,0,32,66,99
LA-502,993,845,805,95.30%,302,681,10,123,486,507,302,154,136,88.30%,0,15,37,159,143,681,681,681,659,96.80%,86,327,354,10,10,10,10,100.00%,10,299,299,299,204,68.20%,89,9,28,271
LA-503,"1,480","1,436","1,159",80.70%,582,883,15,197,583,897,582,567,398,70.20%,59,0,39,116,466,883,883,854,746,87.40%,158,467,416,15,15,15,15,100.00%,15,"1,645","1,645","1,645","1,532",93.10%,523,159,520,"1,125"
LA-504,843,783,490,62.60%,205,638,0,46,144,699,205,145,124,85.50%,0,100,32,109,96,638,638,638,366,57.40%,14,35,603,0,0,0,0,0.00%,0,330,330,330,330,100.00%,19,47,117,213
LA-505,262,142,55,38.70%,130,120,12,54,152,110,130,96,27,28.10%,0,16,17,58,72,120,120,34,16,47.10%,37,94,26,12,12,12,12,100.00%,12,102,102,102,89,87.30%,16,6,18,84
LA-506,228,169,134,79.30%,63,165,0,43,121,107,63,45,10,22.20%,0,0,11,29,34,165,165,124,124,100.00%,32,92,73,0,0,0,0,0.00%,0,258,258,250,250,100.00%,60,51,104,154
LA-507,243,187,96,51.30%,114,129,0,7,74,169,114,58,24,41.40%,0,32,5,58,56,129,129,129,72,55.80%,2,16,113,0,0,0,0,0.00%,0,120,120,120,60,50.00%,23,6,23,97
LA-508,125,114,67,58.80%,74,51,0,23,52,73,74,63,52,82.50%,0,3,16,37,37,51,51,51,15,29.40%,7,15,36,0,0,0,0,0.00%,0,140,140,112,52,46.40%,2,10,26,114
MA-500,"5,506","5,320","4,843",91.00%,"3,937","1,563",6,996,"3,083","2,423","3,937","3,851","3,578",92.90%,90,80,833,"2,648","1,289","1,563","1,563","1,463","1,259",86.10%,163,435,"1,128",6,6,6,6,100.00%,6,"4,675","4,675","4,645","3,076",66.20%,"2,026",392,"1,012","3,663"
MA-501,926,821,718,87.50%,473,447,6,151,522,404,473,424,424,100.00%,42,612,101,393,80,447,447,391,288,73.70%,50,129,318,6,6,6,6,100.00%,6,496,496,496,249,50.20%,234,54,145,351
MA-502,487,487,487,100.00%,410,77,0,94,386,101,410,410,410,100.00%,7,14,88,368,42,77,77,77,77,100.00%,6,18,59,0,0,0,0,0.00%,0,264,264,254,254,100.00%,13,31,69,195
MA-503,369,319,263,82.40%,271,98,0,78,188,181,271,221,221,100.00%,0,3,73,178,93,98,98,98,42,42.90%,5,10,88,0,0,0,0,0.00%,0,261,261,261,248,95.00%,138,4,12,249
MA-504,931,837,418,49.90%,676,249,6,239,697,234,676,628,360,57.30%,35,40,173,538,138,249,249,203,52,25.60%,66,159,90,6,6,6,6,100.00%,6,439,439,439,321,73.10%,208,43,130,309
MA-505,432,398,337,84.70%,149,283,0,39,133,299,149,115,103,89.60%,0,0,29,107,42,283,283,283,234,82.70%,10,26,257,0,0,0,0,0.00%,0,335,335,316,280,88.60%,29,73,230,105
MA-506,"1,404","1,344","1,287",95.80%,871,520,13,350,"1,013",391,871,848,800,94.30%,0,41,254,737,134,520,520,483,474,98.10%,96,276,244,13,13,13,13,100.00%,13,959,959,959,712,74.20%,179,149,383,576
MA-507,201,177,98,55.40%,64,137,0,20,58,143,64,40,40,100.00%,0,0,16,41,23,137,137,137,58,42.30%,4,17,120,0,0,0,0,0.00%,0,207,207,207,37,17.90%,39,7,18,189
MA-508,585,477,400,83.90%,399,186,0,135,455,130,399,380,380,100.00%,35,0,92,306,93,186,186,97,20,20.60%,43,149,37,0,0,0,0,0.00%,0,134,134,121,24,19.80%,36,21,59,75
MA-509,399,366,366,100.00%,242,157,0,47,131,268,242,227,227,100.00%,24,9,24,61,181,157,157,139,139,100.00%,23,70,87,0,0,0,0,0.00%,0,264,264,250,207,82.80%,115,14,37,227
MA-510,524,473,473,100.00%,413,104,7,131,382,142,413,395,395,100.00%,24,273,95,317,96,104,104,71,71,100.00%,36,65,39,7,7,7,7,100.00%,7,344,344,339,210,61.90%,95,28,82,262
MA-511,242,226,226,100.00%,202,40,0,46,123,119,202,186,186,100.00%,0,44,29,83,119,40,40,40,40,100.00%,17,40,.,0,0,0,0,0.00%,0,315,315,315,277,87.90%,84,52,146,169
MA-512,322,322,154,47.80%,147,175,0,74,250,72,147,147,80,54.40%,0,5,21,90,57,175,175,175,74,42.30%,53,160,15,0,0,0,0,0.00%,0,192,192,192,45,23.40%,45,5,17,175
MA-513,128,128,128,100.00%,101,27,0,39,117,11,101,101,101,100.00%,0,226,31,101,0,27,27,27,27,100.00%,8,16,11,0,0,0,0,0.00%,0,186,186,186,186,100.00%,50,49,132,54
MA-515,296,283,198,70.00%,181,115,0,60,209,87,181,168,122,72.60%,16,6,36,149,32,115,115,115,76,66.10%,24,60,55,0,0,0,0,0.00%,0,135,135,135,133,98.50%,34,21,63,72
MA-516,683,637,637,100.00%,499,184,0,191,526,157,499,479,479,100.00%,0,226,150,414,85,184,184,158,158,100.00%,41,112,72,0,0,0,0,0.00%,0,419,419,369,269,72.90%,155,31,70,349
MA-517,146,125,125,100.00%,115,31,0,24,68,78,115,94,94,100.00%,0,0,21,62,53,31,31,31,31,100.00%,3,6,25,0,0,0,0,0.00%,0,128,128,128,122,95.30%,39,18,43,85
MA-518,215,157,150,95.50%,111,104,0,59,151,64,111,102,102,100.00%,0,0,19,54,57,104,104,55,48,87.30%,40,97,7,0,0,0,0,0.00%,0,168,168,159,97,61.00%,59,4,9,159
MA-519,209,181,123,68.00%,123,86,0,42,154,55,123,111,53,47.70%,0,0,22,90,33,86,86,70,70,100.00%,20,64,22,0,0,0,0,0.00%,0,75,75,75,75,100.00%,22,6,23,52
MA-520,562,519,483,93.10%,487,75,0,165,450,112,487,477,468,98.10%,18,533,140,390,97,75,75,42,15,35.70%,25,60,15,0,0,0,0,0.00%,0,165,165,165,111,67.30%,58,27,70,95
MD-500,111,91,53,58.20%,60,51,0,26,86,25,60,40,2,5.00%,15,40,11,37,23,51,51,51,51,100.00%,15,49,2,0,0,0,0,0.00%,0,109,109,109,81,74.30%,18,25,68,41
MD-501,"2,346","2,346","1,771",75.50%,937,"1,370",39,227,612,"1,734",937,937,705,75.20%,177,57,67,164,773,"1,370","1,370","1,370","1,027",75.00%,160,448,922,39,39,39,39,100.00%,39,"2,020","2,020","2,020","1,794",88.80%,373,299,781,"1,239"
MD-502,153,125,88,70.40%,58,95,0,33,86,67,58,30,30,100.00%,70,70,7,27,31,95,95,95,58,61.10%,26,59,36,0,0,0,0,0.00%,0,105,105,105,105,100.00%,2,28,74,31
MD-503,245,224,224,100.00%,157,88,0,62,179,66,157,136,136,100.00%,60,53,37,101,56,88,88,88,88,100.00%,25,78,10,0,0,0,0,0.00%,0,148,148,148,148,100.00%,53,28,70,78
MD-504,135,110,104,94.50%,25,110,0,28,111,24,25,16,15,93.80%,25,0,6,20,5,110,110,94,89,94.70%,22,91,19,0,0,0,0,0.00%,0,61,61,61,61,100.00%,18,11,28,33
MD-505,516,461,451,97.80%,379,137,0,55,329,187,379,348,348,100.00%,30,0,19,214,165,137,137,113,103,91.20%,36,115,22,0,0,0,0,0.00%,0,413,413,413,188,45.50%,22,108,283,130
MD-506,131,123,117,95.10%,56,50,25,24,76,55,56,48,42,87.50%,25,26,10,37,19,50,50,50,50,100.00%,14,39,11,25,25,25,25,100.00%,25,32,32,32,32,100.00%,15,2,11,21
MD-507,267,195,69,35.40%,128,139,0,33,82,185,128,84,11,13.10%,45,2,14,35,93,139,139,111,58,52.30%,19,47,92,0,0,0,0,0.00%,0,102,102,102,23,22.50%,13,7,17,85
MD-508,334,297,270,90.90%,187,147,0,45,210,124,187,160,143,89.40%,86,18,15,111,76,147,147,137,127,92.70%,30,99,48,0,0,0,0,0.00%,0,217,217,217,217,100.00%,48,63,170,47
MD-509,219,153,151,98.70%,31,188,0,58,164,55,31,2,0,0.00%,80,0,8,23,8,188,188,151,151,100.00%,50,141,47,0,0,0,0,0.00%,0,32,32,32,32,100.00%,18,4,9,23
MD-510,37,23,23,100.00%,16,21,0,5,17,20,16,2,2,100.00%,0,0,2,5,11,21,21,21,21,100.00%,3,12,9,0,0,0,0,0.00%,0,113,113,113,113,100.00%,4,55,101,12
MD-511,52,52,47,90.40%,10,42,0,10,31,21,10,10,10,100.00%,36,11,0,0,10,42,42,42,37,88.10%,10,31,11,0,0,0,0,0.00%,0,105,105,105,105,100.00%,4,25,73,32
MD-512,270,220,194,88.20%,159,111,0,17,82,188,159,117,117,100.00%,56,100,10,60,99,111,111,103,77,74.80%,7,22,89,0,0,0,0,0.00%,0,176,176,176,167,94.90%,7,11,37,139
MD-513,204,204,185,90.70%,150,54,0,27,99,105,150,150,131,87.30%,106,7,14,54,96,54,54,54,54,100.00%,13,45,9,0,0,0,0,0.00%,0,149,149,149,149,100.00%,21,32,85,64
MD-600,581,528,418,79.20%,239,342,0,100,402,179,239,186,186,100.00%,130,0,38,195,44,342,342,342,232,67.80%,62,207,135,0,0,0,0,0.00%,0,606,606,606,447,73.80%,28,181,443,163
MD-601,683,617,617,100.00%,274,369,40,121,385,298,274,220,220,100.00%,100,216,45,146,128,369,369,357,357,100.00%,76,239,130,40,40,40,40,100.00%,40,"1,590","1,590","1,590","1,545",97.20%,125,301,"1,009",581
ME-500,"1,696","1,389","1,125",81.00%,633,"1,063",0,388,"1,076",620,633,488,356,73.00%,10,35,133,345,288,"1,063","1,063",901,769,85.30%,255,731,332,0,0,0,0,0.00%,0,"1,207","1,207","1,201","1,103",91.80%,69,171,516,691
ME-501,487,423,423,100.00%,139,348,0,107,305,182,139,118,118,100.00%,0,15,30,44,95,348,348,305,305,100.00%,77,261,87,0,0,0,0,0.00%,0,318,318,288,277,96.20%,23,39,109,209
ME-502,618,604,588,97.40%,308,295,15,83,227,391,308,294,294,100.00%,0,40,33,99,209,295,295,295,279,94.60%,50,128,167,15,15,15,15,100.00%,15,423,423,423,406,96.00%,80,45,139,284
MI-500,"2,468","1,651","1,488",90.10%,"1,130","1,338",0,490,"1,603",865,"1,130",598,485,81.10%,36,96,180,590,540,"1,338","1,338","1,053","1,003",95.30%,310,"1,013",325,0,0,0,0,0.00%,0,"3,331","3,331","3,203","2,925",91.30%,162,779,"2,328","1,003"
MI-501,"2,967","2,832","2,401",84.80%,"1,625","1,321",21,273,768,"2,199","1,625","1,558","1,333",85.60%,54,110,130,359,"1,266","1,321","1,321","1,253","1,047",83.60%,143,409,912,21,21,21,21,100.00%,21,"4,473","4,473","4,473","1,521",34.00%,134,871,"2,620","1,853"
MI-502,472,373,373,100.00%,120,336,16,84,341,131,120,75,75,100.00%,80,7,20,100,20,336,336,282,282,100.00%,64,241,95,16,16,16,16,100.00%,16,421,421,421,421,100.00%,45,80,278,143
MI-503,279,237,237,100.00%,153,126,0,44,156,123,153,111,111,100.00%,80,25,14,82,71,126,126,126,126,100.00%,30,74,52,0,0,0,0,0.00%,0,95,95,95,95,100.00%,51,7,16,79
MI-504,409,363,315,86.80%,97,312,0,83,210,199,97,51,51,100.00%,121,0,30,67,30,312,312,312,264,84.60%,53,143,169,0,0,0,0,0.00%,0,688,688,688,688,100.00%,112,95,270,418
MI-505,367,335,168,50.10%,258,109,0,60,167,200,258,226,69,30.50%,0,9,39,102,156,109,109,109,99,90.80%,21,65,44,0,0,0,0,0.00%,0,727,727,727,727,100.00%,14,149,484,243
MI-506,759,561,561,100.00%,337,422,0,150,483,276,337,275,275,100.00%,0,48,41,112,225,422,422,286,286,100.00%,109,371,51,0,0,0,0,0.00%,0,645,645,645,629,97.50%,290,90,203,442
MI-507,869,723,723,100.00%,449,420,0,257,540,329,449,397,397,100.00%,0,0,82,179,270,420,420,326,326,100.00%,175,361,59,0,0,0,0,0.00%,0,628,628,622,622,100.00%,30,129,394,234
MI-508,384,354,282,79.70%,276,108,0,28,87,297,276,246,186,75.60%,0,40,20,61,215,108,108,108,96,88.90%,8,26,82,0,0,0,0,0.00%,0,262,262,262,188,71.80%,83,25,61,201
MI-509,428,381,364,95.50%,197,231,0,96,251,177,197,150,150,100.00%,25,65,43,108,89,231,231,231,214,92.60%,53,143,88,0,0,0,0,0.00%,0,704,704,697,583,83.60%,82,109,317,387
MI-510,359,251,251,100.00%,147,206,6,40,139,220,147,123,123,100.00%,0,13,17,61,86,206,206,122,122,100.00%,23,78,128,6,6,6,6,100.00%,6,668,668,642,642,100.00%,117,137,462,206
MI-511,166,99,58,58.60%,69,97,0,39,115,51,69,32,16,50.00%,15,5,12,43,26,97,97,67,42,62.70%,27,72,25,0,0,0,0,0.00%,0,110,110,44,44,100.00%,7,31,94,16
MI-512,241,115,111,96.50%,97,144,0,72,166,75,97,75,71,94.70%,26,10,15,28,69,144,144,40,40,100.00%,57,138,6,0,0,0,0,0.00%,0,506,506,495,129,26.10%,21,131,370,136
MI-513,93,77,61,79.20%,47,46,0,10,31,62,47,31,15,48.40%,15,0,6,15,32,46,46,46,46,100.00%,4,16,30,0,0,0,0,0.00%,0,196,196,196,196,100.00%,0,55,144,52
MI-514,207,161,134,83.20%,124,83,0,27,104,103,124,78,78,100.00%,0,0,21,84,40,83,83,83,56,67.50%,6,20,63,0,0,0,0,0.00%,0,342,342,321,171,53.30%,44,8,93,249
MI-515,122,104,82,78.80%,88,34,0,29,80,42,88,70,48,68.60%,20,0,18,53,35,34,34,34,34,100.00%,11,27,7,0,0,0,0,0.00%,0,14,14,14,14,100.00%,0,4,10,4
MI-516,487,374,374,100.00%,122,365,0,85,313,174,122,104,104,100.00%,135,10,7,84,38,365,365,270,270,100.00%,78,229,136,0,0,0,0,0.00%,0,349,349,349,313,89.70%,18,57,169,180
MI-517,381,307,72,23.50%,120,261,0,62,208,173,120,90,64,71.10%,0,0,15,67,53,261,261,217,8,3.70%,47,141,120,0,0,0,0,0.00%,0,34,34,34,34,100.00%,0,9,23,11
MI-518,104,55,28,50.90%,41,63,0,33,88,16,41,21,11,52.40%,11,7,13,34,7,63,63,34,17,50.00%,20,54,9,0,0,0,0,0.00%,0,21,21,21,21,100.00%,3,2,5,16
MI-519,410,309,309,100.00%,158,252,0,95,273,137,158,138,138,100.00%,0,10,35,70,88,252,252,171,171,100.00%,60,203,49,0,0,0,0,0.00%,0,273,273,273,273,100.00%,10,53,171,102
MI-523,136,106,106,100.00%,56,80,0,31,131,5,56,45,45,100.00%,10,2,17,54,2,80,80,61,61,100.00%,14,77,3,0,0,0,0,0.00%,0,69,69,69,69,100.00%,11,17,55,14
MN-500,"3,188","2,999","2,051",68.40%,"2,068","1,120",0,744,"2,102","1,086","2,068","1,918","1,297",67.60%,0,615,451,"1,279",789,"1,120","1,120","1,081",754,69.80%,293,823,297,0,0,0,0,0.00%,0,"4,100","4,100","4,064","2,538",62.50%,941,683,"2,182","1,918"
MN-501,"1,401","1,247",834,66.90%,565,826,10,341,906,495,565,411,141,34.30%,0,0,62,242,323,826,826,826,683,82.70%,279,664,162,10,10,10,10,100.00%,10,"2,038","2,038","2,038","2,014",98.80%,"1,098",383,"1,191",847
MN-502,370,239,194,81.20%,197,173,0,75,305,65,197,122,77,63.10%,23,31,35,143,54,173,173,117,117,100.00%,40,162,11,0,0,0,0,0.00%,0,413,413,413,413,100.00%,256,71,207,206
MN-503,598,499,450,90.20%,196,402,0,163,484,114,196,97,68,70.10%,0,52,43,141,55,402,402,402,382,95.00%,120,343,59,0,0,0,0,0.00%,0,530,530,530,485,91.50%,80,138,335,195
MN-504,94,62,59,95.20%,31,63,0,22,73,21,31,21,18,85.70%,0,0,8,19,12,63,63,41,41,100.00%,14,54,9,0,0,0,0,0.00%,0,134,134,123,115,93.50%,19,33,87,47
MN-505,453,368,254,69.00%,187,266,0,157,305,148,187,112,107,95.50%,50,0,52,142,45,266,266,256,147,57.40%,105,163,103,0,0,0,0,0.00%,0,322,322,322,287,89.10%,20,89,198,124
MN-506,233,191,169,88.50%,81,141,11,59,162,71,81,52,52,100.00%,20,7,19,47,34,141,141,128,117,91.40%,40,115,26,11,11,11,0,0.00%,11,351,351,351,320,91.20%,25,101,293,58
MN-508,149,139,139,100.00%,78,71,0,32,83,66,78,68,68,100.00%,0,12,6,18,60,71,71,71,71,100.00%,26,65,6,0,0,0,0,0.00%,0,255,255,255,252,98.80%,49,65,162,93
MN-509,380,332,283,85.20%,152,228,0,111,270,110,152,104,79,76.00%,0,10,33,69,83,228,228,228,204,89.50%,78,201,27,0,0,0,0,0.00%,0,478,478,478,453,94.80%,141,80,222,256
MN-511,107,90,90,100.00%,43,64,0,26,70,37,43,26,26,100.00%,0,24,12,32,11,64,64,64,64,100.00%,14,38,26,0,0,0,0,0.00%,0,77,77,77,77,100.00%,33,13,44,33
MO-500,561,428,319,74.50%,324,237,0,132,396,165,324,229,157,68.60%,0,10,76,214,110,237,237,199,162,81.40%,56,182,55,0,0,0,0,0.00%,0,266,266,266,266,100.00%,42,72,195,71
MO-501,"1,287","1,160",979,84.40%,558,714,15,207,560,727,558,485,361,74.40%,16,47,77,210,348,714,714,660,618,93.60%,130,350,364,15,15,15,0,0.00%,15,"1,199","1,199","1,199","1,199",100.00%,203,350,829,370
MO-503,455,407,69,17.00%,118,337,0,106,274,181,118,70,44,62.90%,0,138,32,88,30,337,337,337,25,7.40%,74,186,151,0,0,0,0,0.00%,0,40,40,40,40,100.00%,2,10,26,14
MO-600,589,436,342,78.40%,136,453,0,140,400,189,136,55,51,92.70%,80,0,42,91,45,453,453,381,291,76.40%,98,309,144,0,0,0,0,0.00%,0,95,95,95,64,67.40%,35,28,41,54
MO-602,422,368,323,87.80%,142,280,0,44,162,260,142,142,97,68.30%,0,8,16,50,92,280,280,226,226,100.00%,28,112,168,0,0,0,0,0.00%,0,131,131,131,94,71.80%,6,26,91,40
MO-603,143,98,98,100.00%,95,30,18,27,60,83,95,50,50,100.00%,15,10,12,45,50,30,30,30,30,100.00%,15,15,15,18,18,18,18,100.00%,18,198,198,198,198,100.00%,27,43,137,61
MO-604,"2,120","1,730","1,579",91.30%,"1,052","1,058",10,422,"1,157",963,"1,052",771,701,90.90%,45,110,197,494,558,"1,058","1,058",949,868,91.50%,225,663,395,10,10,10,10,100.00%,10,"1,064","1,064","1,064",864,81.20%,213,578,688,376
MO-606,"2,559","1,380",818,59.30%,"1,715",836,8,393,"1,163","1,396","1,715",623,378,60.70%,46,27,291,867,848,836,836,749,432,57.70%,102,296,540,8,8,8,8,100.00%,8,894,894,894,779,87.10%,23,150,427,467
MS-500,545,463,146,31.50%,152,393,0,62,187,358,152,95,67,70.50%,0,17,19,72,80,393,393,368,79,21.50%,43,115,278,0,0,0,0,0.00%,0,124,124,124,31,25.00%,104,0,0,124
MS-501,747,631,344,54.50%,494,250,3,112,470,277,494,378,131,34.70%,0,41,60,304,190,250,250,250,210,84.00%,52,166,84,3,3,3,3,100.00%,3,144,144,144,92,63.90%,27,17,37,107
MS-503,81,57,43,75.40%,43,38,0,16,37,44,43,31,17,54.80%,0,0,6,12,31,38,38,26,26,100.00%,10,25,13,0,0,0,0,0.00%,0,42,42,36,36,100.00%,27,6,17,25
MT-500,"1,207",875,440,50.30%,699,508,0,219,646,561,699,490,168,34.30%,12,119,104,324,375,508,508,385,272,70.60%,115,322,186,0,0,0,0,0.00%,0,330,330,330,248,75.20%,66,26,61,269
NC-500,521,486,337,69.30%,296,225,0,62,207,314,296,277,202,72.90%,12,51,18,70,226,225,225,209,135,64.60%,44,137,88,0,0,0,0,0.00%,0,376,376,376,279,74.20%,106,67,191,185
NC-501,500,443,419,94.60%,192,308,0,56,120,380,192,167,161,96.40%,15,63,18,53,139,308,308,276,258,93.50%,38,67,241,0,0,0,0,0.00%,0,338,338,338,232,68.60%,216,19,39,299
NC-502,588,553,314,56.80%,234,354,0,51,166,422,234,217,161,74.20%,49,17,18,64,170,354,354,336,153,45.50%,33,102,252,0,0,0,0,0.00%,0,172,172,172,113,65.70%,39,22,65,107
NC-503,"3,260","2,435","1,529",62.80%,"2,035","1,225",0,348,"1,337","1,923","2,035","1,279",881,68.90%,141,204,189,818,"1,217","1,225","1,225","1,156",648,56.10%,159,519,706,0,0,0,0,0.00%,0,851,851,851,727,85.40%,142,159,476,375
NC-504,921,865,835,96.50%,411,510,0,119,401,520,411,411,407,99.00%,114,137,46,154,257,510,510,454,428,94.30%,73,247,263,0,0,0,0,0.00%,0,296,296,296,254,85.80%,63,67,176,120
NC-505,"2,326","2,215","1,408",63.60%,"1,140","1,186",0,256,744,"1,582","1,140","1,029",895,87.00%,134,90,120,332,808,"1,186","1,186","1,186",513,43.30%,136,412,774,0,0,0,0,0.00%,0,792,792,792,679,85.70%,169,169,492,300
NC-506,475,380,264,69.50%,331,144,0,70,221,254,331,278,207,74.50%,0,0,50,139,192,144,144,102,57,55.90%,20,82,62,0,0,0,0,0.00%,0,168,168,168,88,52.40%,0,11,33,135
NC-507,960,921,824,89.50%,562,398,0,116,283,677,562,523,517,98.90%,0,0,66,201,361,398,398,398,307,77.10%,50,82,316,0,0,0,0,0.00%,0,933,933,933,696,74.60%,86,131,375,558
NC-509,197,183,145,79.20%,130,67,0,33,70,127,130,116,116,100.00%,22,9,27,54,76,67,67,67,29,43.30%,6,16,51,0,0,0,0,0.00%,0,137,137,137,137,100.00%,136,38,56,81
NC-511,302,255,209,82.00%,121,181,0,57,180,122,121,107,91,85.00%,0,0,9,31,90,181,181,148,118,79.70%,48,149,32,0,0,0,0,0.00%,0,69,69,69,24,34.80%,0,7,19,50
NC-513,95,95,95,100.00%,66,29,0,10,29,66,66,66,66,100.00%,0,22,0,0,66,29,29,29,29,100.00%,10,29,0,0,0,0,0,0.00%,0,93,93,93,37,39.80%,17,24,68,25
NC-516,132,58,44,75.90%,100,32,0,26,56,76,100,30,20,66.70%,2,7,22,44,56,32,32,28,24,85.70%,4,12,20,0,0,0,0,0.00%,0,48,48,40,32,80.00%,2,7,14,34
ND-500,739,539,535,99.30%,585,154,0,104,324,415,585,450,446,99.10%,0,45,81,234,351,154,154,89,89,100.00%,23,90,64,0,0,0,0,0.00%,0,479,479,479,388,81.00%,95,62,141,338
NE-500,"1,296",909,615,67.70%,671,625,0,266,771,525,671,382,166,43.50%,0,108,123,379,292,625,625,527,449,85.20%,143,392,233,0,0,0,0,0.00%,0,290,290,290,58,20.00%,14,28,82,208
NE-501,"1,568","1,464","1,361",93.00%,867,701,0,198,654,914,867,810,787,97.20%,0,341,86,294,573,701,701,654,574,87.80%,112,360,341,0,0,0,0,0.00%,0,409,409,409,203,49.60%,43,56,187,222
NE-502,943,856,734,85.70%,335,608,0,202,562,381,335,285,285,100.00%,0,80,44,189,146,608,608,571,449,78.60%,158,373,235,0,0,0,0,0.00%,0,119,119,119,119,100.00%,9,60,60,59
NH-500,738,584,508,87.00%,445,293,0,139,457,281,445,319,319,100.00%,78,0,74,232,213,293,293,265,189,71.30%,65,225,68,0,0,0,0,0.00%,0,264,264,264,234,88.60%,58,34,97,167
NH-501,301,283,283,100.00%,120,177,4,62,144,157,120,102,102,100.00%,0,27,9,23,97,177,177,177,177,100.00%,53,121,56,4,4,4,4,100.00%,4,271,271,271,185,68.30%,12,49,141,130
NH-502,321,309,255,82.50%,93,223,5,49,143,178,93,83,59,71.10%,12,0,10,32,61,223,223,221,191,86.40%,39,111,112,5,5,5,5,100.00%,5,521,521,521,470,90.20%,140,94,249,272
NJ-500,415,381,381,100.00%,399,16,0,28,87,328,399,381,381,100.00%,0,131,24,71,328,16,16,0,.,.,4,16,0,0,0,0,0,0.00%,0,57,57,57,57,100.00%,17,0,0,57
NJ-501,238,159,159,100.00%,122,116,0,28,77,161,122,90,90,100.00%,15,"1,265",10,25,97,116,116,69,69,100.00%,18,52,64,0,0,0,0,0.00%,0,186,186,186,155,83.30%,74,9,19,167
NJ-502,489,462,389,84.20%,451,38,0,138,377,112,451,424,351,82.80%,42,549,134,349,102,38,38,38,38,100.00%,4,28,10,0,0,0,0,0.00%,0,109,109,109,109,100.00%,19,16,57,52
NJ-503,455,419,419,100.00%,191,264,0,71,185,270,191,155,155,100.00%,30,183,37,101,90,264,264,264,264,100.00%,34,84,180,0,0,0,0,0.00%,0,280,280,280,144,51.40%,35,31,61,219
NJ-504,"2,373","2,340","2,326",99.40%,"1,570",803,0,311,"1,020","1,353","1,570","1,570","1,556",99.10%,0,0,132,406,"1,164",803,803,770,770,100.00%,179,614,189,0,0,0,0,0.00%,0,681,681,681,681,100.00%,117,121,354,327
NJ-505,146,72,66,91.70%,104,34,8,47,102,44,104,38,38,100.00%,0,60,32,68,36,34,34,26,20,76.90%,15,34,0,8,8,8,8,100.00%,8,38,38,38,38,100.00%,0,5,8,30
NJ-506,457,391,379,96.90%,249,208,0,94,248,209,249,225,225,100.00%,0,"1,006",28,74,175,208,208,166,154,92.80%,66,174,34,0,0,0,0,0.00%,0,254,254,254,150,59.10%,56,20,69,185
NJ-507,361,340,340,100.00%,172,189,0,85,244,117,172,151,151,100.00%,35,543,34,112,60,189,189,189,189,100.00%,51,132,57,0,0,0,0,0.00%,0,127,127,127,42,33.10%,27,19,47,80
NJ-508,241,183,183,100.00%,73,168,0,70,207,34,73,48,48,100.00%,14,330,12,39,34,168,168,135,135,100.00%,58,168,.,0,0,0,0,0.00%,0,256,256,256,215,84.00%,103,19,57,199
NJ-509,280,222,222,100.00%,132,128,20,47,128,152,132,99,99,100.00%,0,135,25,74,58,128,128,103,103,100.00%,22,54,74,20,20,20,20,100.00%,20,139,139,139,127,91.40%,7,20,56,83
NJ-510,106,40,12,30.00%,55,51,0,42,99,7,55,28,0,0.00%,0,427,14,49,6,51,51,12,12,100.00%,28,50,1,0,0,0,0,0.00%,0,69,69,69,55,79.70%,22,14,45,24
NJ-511,395,250,250,100.00%,278,117,0,104,261,134,278,178,178,100.00%,0,180,64,162,116,117,117,72,72,100.00%,40,99,18,0,0,0,0,0.00%,0,415,415,415,378,91.10%,247,7,21,394
NJ-512,63,63,63,100.00%,34,29,0,15,33,30,34,34,34,100.00%,0,0,8,10,24,29,29,29,29,100.00%,7,23,6,0,0,0,0,0.00%,0,99,99,99,99,100.00%,99,0,0,99
NJ-513,302,260,155,59.60%,174,128,0,35,88,214,174,159,60,37.70%,0,129,25,55,119,128,128,101,95,94.10%,10,33,95,0,0,0,0,0.00%,0,114,114,114,32,28.10%,11,0,0,114
NJ-514,620,596,554,93.00%,249,371,0,141,376,244,249,225,225,100.00%,110,216,53,154,95,371,371,371,329,88.70%,88,222,149,0,0,0,0,0.00%,0,796,796,796,444,55.80%,135,101,283,513
NJ-515,327,295,295,100.00%,220,107,0,63,194,133,220,194,194,100.00%,14,"1,105",32,95,125,107,107,101,101,100.00%,31,99,8,0,0,0,0,0.00%,0,309,309,279,279,100.00%,16,49,142,167
NJ-516,188,77,63,81.80%,152,36,0,60,179,9,152,77,63,81.80%,0,343,53,144,8,36,36,0,.,.,7,35,1,0,0,0,0,0.00%,0,30,30,30,30,100.00%,19,0,0,30
NJ-518,36,0,0,.,0,36,0,6,36,0,0,0,0,0.00%,0,377,0,0,0,36,36,0,.,.,6,36,.,0,0,0,0,0.00%,0,25,25,25,17,68.00%,17,4,8,17
NJ-520,84,84,63,75.00%,77,7,0,14,40,44,77,77,56,72.70%,0,0,11,33,44,7,7,7,7,100.00%,3,7,.,0,0,0,0,0.00%,0,5,5,5,5,100.00%,5,0,0,5
NM-500,898,695,396,57.00%,367,531,0,200,517,381,367,282,129,45.70%,335,15,70,139,228,531,531,413,267,64.60%,130,378,153,0,0,0,0,0.00%,0,943,943,943,504,53.40%,238,120,301,642
NM-501,"1,899","1,032",476,46.10%,"1,262",637,0,252,"1,038",861,"1,262",569,172,30.20%,176,0,138,687,575,637,637,463,304,65.70%,114,351,286,0,0,0,0,0.00%,0,503,503,503,416,82.70%,192,65,180,323
NV-500,"3,778","3,613","2,000",55.40%,852,"2,901",25,382,"1,161","2,617",852,712,584,82.00%,185,50,97,264,588,"2,901","2,901","2,876","1,391",48.40%,285,897,"2,004",25,25,25,25,100.00%,25,"1,729","1,729","1,729",755,43.70%,379,182,505,"1,224"
NV-501,713,661,332,50.20%,421,292,0,71,230,483,421,390,332,85.10%,75,0,47,164,257,292,292,271,0,0.00%,24,66,226,0,0,0,0,0.00%,0,441,441,441,194,44.00%,82,33,90,351
NV-502,284,133,128,96.20%,210,74,0,80,248,36,210,83,83,100.00%,28,317,38,187,23,74,74,50,45,90.00%,42,61,13,0,0,0,0,0.00%,0,158,158,158,65,41.10%,14,20,63,95
NY-500,750,712,643,90.30%,484,254,12,153,421,329,484,446,377,84.50%,15,38,89,263,221,254,254,254,254,100.00%,64,158,96,12,12,12,12,100.00%,12,"1,788","1,788","1,788","1,643",91.90%,77,384,"1,045",743
NY-501,320,274,195,71.20%,49,271,0,23,55,265,49,15,15,100.00%,0,21,8,15,34,271,271,259,180,69.50%,15,40,231,0,0,0,0,0.00%,0,309,309,309,274,88.70%,25,35,45,264
NY-502,62,53,28,52.80%,53,9,0,15,39,23,53,44,19,43.20%,0,0,12,30,23,9,9,9,9,100.00%,3,9,0,0,0,0,0,0.00%,0,38,38,38,38,100.00%,5,10,23,15
NY-503,466,415,350,84.30%,279,187,0,64,137,329,279,249,249,100.00%,19,229,47,99,180,187,187,166,101,60.80%,17,38,149,0,0,0,0,0.00%,0,804,804,804,616,76.60%,68,123,340,464
NY-504,41,33,30,90.90%,24,17,0,16,33,8,24,16,13,81.30%,0,9,8,18,6,17,17,17,17,100.00%,8,15,2,0,0,0,0,0.00%,0,46,46,46,46,100.00%,2,7,13,33
NY-505,725,689,683,99.10%,377,348,0,85,222,503,377,341,335,98.20%,0,22,28,88,289,348,348,348,348,100.00%,57,134,214,0,0,0,0,0.00%,0,"1,024","1,024","1,024","1,016",99.20%,145,114,295,729
NY-506,30,0,0,.,30,0,0,6,20,10,30,0,0,0.00%,8,52,6,20,10,0,0,0,0,0.00%,0,0,0,0,0,0,0,0.00%,0,2,2,2,0,0.00%,0,0,0,2
NY-507,180,160,45,28.10%,145,35,0,24,61,119,145,125,28,22.40%,0,182,16,42,103,35,35,35,17,48.60%,8,19,16,0,0,0,0,0.00%,0,393,393,393,393,100.00%,40,53,157,236
NY-508,929,850,626,73.60%,487,426,16,135,421,508,487,487,308,63.20%,0,0,31,154,333,426,426,347,302,87.00%,104,267,159,16,16,16,16,100.00%,16,836,836,836,640,76.60%,35,15,36,800
NY-509,44,26,0,0.00%,24,20,0,10,11,33,24,6,0,0.00%,0,0,9,10,14,20,20,20,0,0.00%,1,1,19,0,0,0,0,0.00%,0,103,103,103,0,0.00%,103,4,9,94
NY-510,54,45,45,100.00%,18,36,0,13,31,23,18,9,9,100.00%,0,10,5,9,9,36,36,36,36,100.00%,8,22,14,0,0,0,0,0.00%,0,57,57,57,57,100.00%,26,6,22,35
NY-511,263,243,210,86.40%,108,155,0,18,47,216,108,88,84,95.50%,2,7,14,31,77,155,155,155,126,81.30%,4,16,139,0,0,0,0,0.00%,0,230,230,230,226,98.30%,60,42,96,134
NY-512,100,74,70,94.60%,65,35,0,27,67,33,65,47,43,91.50%,10,90,16,42,23,35,35,27,27,100.00%,11,25,10,0,0,0,0,0.00%,0,503,503,476,476,100.00%,43,79,255,248
NY-513,111,102,20,19.60%,87,24,0,15,38,73,87,78,2,2.60%,0,0,15,38,49,24,24,24,18,75.00%,.,.,24,0,0,0,0,0.00%,0,20,20,20,20,100.00%,0,4,12,8
NY-514,142,136,100,73.50%,79,63,0,40,94,48,79,73,51,69.90%,0,0,16,38,41,63,63,63,49,77.80%,24,56,7,0,0,0,0,0.00%,0,39,39,39,39,100.00%,0,8,21,18
NY-516,150,141,141,100.00%,92,58,0,8,39,111,92,83,83,100.00%,0,45,8,39,53,58,58,58,58,100.00%,.,.,58,0,0,0,0,0.00%,0,99,99,99,99,100.00%,14,15,66,33
NY-517,74,65,50,76.90%,24,50,0,16,56,18,24,15,0,0.00%,0,1,1,7,17,50,50,50,50,100.00%,15,49,1,0,0,0,0,0.00%,0,0,0,0,0,0.00%,0,0,0,0
NY-518,202,135,86,63.70%,126,76,0,40,100,102,126,104,64,61.50%,0,10,20,47,79,76,76,31,22,71.00%,20,53,23,0,0,0,0,0.00%,0,547,547,547,455,83.20%,34,120,280,267
NY-519,33,0,0,.,25,8,0,27,31,2,25,0,0,0.00%,0,152,23,23,2,8,8,0,.,.,4,8,0,0,0,0,0,0.00%,0,32,32,32,22,68.80%,6,7,17,15
NY-520,15,6,6,100.00%,15,0,0,4,9,6,15,6,6,100.00%,0,0,4,9,6,0,0,0,0,0.00%,0,0,0,0,0,0,0,0.00%,0,37,37,37,37,100.00%,18,0,0,37
NY-522,194,155,0,0.00%,44,150,0,50,111,83,44,5,0,0.00%,0,11,14,39,5,150,150,150,0,0.00%,36,72,78,0,0,0,0,0.00%,0,65,65,65,60,92.30%,8,8,20,45
NY-523,110,71,59,83.10%,60,50,0,32,61,49,60,45,33,73.30%,0,177,22,32,28,50,50,26,26,100.00%,10,29,21,0,0,0,0,0.00%,0,111,111,105,103,98.10%,10,14,41,70
NY-524,248,202,0,0.00%,81,167,0,22,61,187,81,57,0,0.00%,0,0,12,30,51,167,167,145,0,0.00%,10,31,136,0,0,0,0,0.00%,0,194,194,194,0,0.00%,16,27,56,138
NY-600,"52,692","49,237","45,327",92.10%,"45,767","6,819",106,"10,858","33,680","19,012","45,767","43,539","41,661",95.70%,0,182,"10,250","31,852","13,915","6,819","6,819","5,592","3,560",63.70%,608,"1,828","4,991",106,106,106,106,100.00%,106,"27,449","27,449","27,127","13,004",47.90%,"7,593","2,619","8,244","19,205"
NY-601,461,382,296,77.50%,264,197,0,140,283,178,264,220,138,62.70%,0,34,95,178,86,197,197,162,158,97.50%,45,105,92,0,0,0,0,0.00%,0,197,197,197,112,56.90%,29,40,98,99
NY-602,255,242,222,91.70%,209,46,0,60,143,112,209,196,176,89.80%,0,36,44,97,112,46,46,46,46,100.00%,16,46,.,0,0,0,0,0.00%,0,247,247,247,213,86.20%,55,64,136,111
NY-603,"1,900","1,900","1,061",55.80%,"1,279",621,0,346,"1,468",432,"1,279","1,279",568,44.40%,70,400,265,"1,067",212,621,621,621,493,79.40%,81,401,220,0,0,0,0,0.00%,0,"1,519","1,519","1,519","1,107",72.90%,80,243,971,548
NY-604,"2,542","2,472","2,307",93.30%,644,"1,898",0,503,"1,793",749,644,595,506,85.00%,21,0,93,186,458,"1,898","1,898","1,877","1,801",96.00%,410,"1,607",291,0,0,0,0,0.00%,0,"1,492","1,492","1,492","1,324",88.70%,126,147,396,"1,096"
NY-605,745,647,243,37.60%,566,179,0,186,517,228,566,551,178,32.30%,100,106,142,410,156,179,179,96,65,67.70%,44,107,72,0,0,0,0,0.00%,0,793,793,772,654,84.70%,29,184,509,284
NY-606,119,79,64,81.00%,61,58,0,36,86,33,61,46,40,87.00%,0,0,26,61,0,58,58,33,24,72.70%,10,25,33,0,0,0,0,0.00%,0,375,375,375,294,78.40%,25,59,110,265
NY-607,19,10,10,100.00%,10,0,9,0,0,19,10,10,10,100.00%,0,220,0,0,10,0,0,0,0,0.00%,0,0,0,9,9,0,.,.,9,54,54,54,54,100.00%,12,9,18,36
NY-608,107,90,76,84.40%,77,30,0,30,66,41,77,60,46,76.70%,0,118,18,54,23,30,30,30,30,100.00%,12,12,18,0,0,0,0,0.00%,0,179,179,179,136,76.00%,41,39,90,89
OH-500,"1,349","1,200","1,180",98.30%,608,741,0,146,595,754,608,543,523,96.30%,0,20,16,225,383,741,741,657,657,100.00%,130,370,371,0,0,0,0,0.00%,0,"1,642","1,642","1,642","1,492",90.90%,218,185,525,"1,117"
OH-501,950,888,744,83.80%,488,450,12,126,361,589,488,460,367,79.80%,0,100,63,163,325,450,450,416,365,87.70%,63,198,252,12,12,12,12,100.00%,12,767,767,767,669,87.20%,235,117,299,468
OH-502,"2,143","2,098","1,605",76.50%,"1,160",963,20,214,570,"1,573","1,160","1,115",764,68.50%,0,95,112,299,861,963,963,963,821,85.30%,102,271,692,20,20,20,20,100.00%,20,"3,970","3,970","3,970","3,026",76.20%,"1,338",636,"1,631","2,339"
OH-503,942,908,878,96.70%,766,176,0,162,309,633,766,732,716,97.80%,140,70,126,235,531,176,176,176,162,92.00%,36,74,102,0,0,0,0,0.00%,0,"1,856","1,856","1,856","1,704",91.80%,520,209,456,"1,400"
OH-504,298,271,271,100.00%,181,116,1,57,192,106,181,154,154,100.00%,0,0,31,100,81,116,116,116,116,100.00%,26,92,24,1,1,1,1,100.00%,1,268,268,268,268,100.00%,69,56,185,83
OH-505,894,851,733,86.10%,479,390,25,158,399,495,479,443,443,100.00%,0,60,66,166,313,390,390,383,265,69.20%,92,233,157,25,25,25,25,100.00%,25,854,854,854,854,100.00%,168,131,317,537
OH-506,683,561,462,82.40%,304,371,8,148,376,307,304,264,261,98.90%,0,60,69,161,143,371,371,289,193,66.80%,79,215,156,8,8,8,8,100.00%,8,381,381,381,314,82.40%,147,38,102,279
OH-507,"4,028","3,419","2,900",84.80%,"1,897","2,121",10,790,"2,421","1,607","1,897","1,415","1,097",77.50%,113,118,306,900,997,"2,121","2,121","1,994","1,793",89.90%,484,"1,521",600,10,10,10,10,100.00%,10,"1,724","1,724","1,724","1,535",89.00%,204,187,543,"1,181"
OH-508,406,361,334,92.50%,214,172,20,87,248,158,214,169,142,84.00%,0,16,43,123,91,172,172,172,172,100.00%,44,125,47,20,20,20,20,100.00%,20,372,372,372,329,88.40%,133,32,105,267
OK-500,290,204,153,75.00%,192,98,0,68,182,108,192,124,73,58.90%,0,10,42,130,62,98,98,80,80,100.00%,26,52,46,0,0,0,0,0.00%,0,2,2,2,2,100.00%,2,0,0,2
OK-501,820,705,675,95.70%,517,253,50,126,311,509,517,431,431,100.00%,0,153,77,192,325,253,253,224,194,86.60%,49,119,134,50,50,50,50,100.00%,50,216,216,216,153,70.80%,117,1,3,213
OK-502,"1,042",945,679,71.90%,781,261,0,89,240,802,781,726,538,74.10%,0,40,56,127,654,261,261,219,141,64.40%,33,113,148,0,0,0,0,0.00%,0,448,448,433,287,66.30%,154,27,87,361
OK-503,191,124,54,43.50%,122,69,0,35,93,98,122,70,0,0.00%,0,0,17,45,77,69,69,54,54,100.00%,18,48,21,0,0,0,0,0.00%,0,51,51,51,34,66.70%,32,7,19,32
OK-504,195,181,155,85.60%,44,151,0,57,146,49,44,30,30,100.00%,0,38,6,24,20,151,151,151,125,82.80%,51,122,29,0,0,0,0,0.00%,0,34,34,34,34,100.00%,2,10,18,16
OK-505,404,309,118,38.20%,327,77,0,61,186,218,327,240,57,23.80%,0,0,48,152,175,77,77,69,61,88.40%,13,34,43,0,0,0,0,0.00%,0,40,40,25,15,60.00%,24,3,8,32
OK-506,200,200,137,68.50%,130,61,9,27,74,126,130,130,80,61.50%,0,12,16,33,97,61,61,61,57,93.40%,11,41,20,9,9,9,0,0.00%,9,0,0,0,0,0.00%,0,0,0,0
OK-507,490,270,27,10.00%,418,72,0,151,308,182,418,206,22,10.70%,0,42,138,275,143,72,72,64,5,7.80%,13,33,39,0,0,0,0,0.00%,0,55,55,55,55,100.00%,0,15,50,5
OR-500,855,806,426,52.90%,445,382,28,138,403,452,445,424,44,10.40%,35,246,29,91,354,382,382,354,354,100.00%,109,312,70,28,28,28,28,100.00%,28,218,218,218,171,78.40%,111,21,55,163
OR-501,"2,629","2,313","1,914",82.70%,606,"2,023",0,541,"1,403","1,226",606,507,297,58.60%,205,75,116,217,389,"2,023","2,023","1,806","1,617",89.50%,425,"1,186",837,0,0,0,0,0.00%,0,"2,870","2,870","2,870","1,995",69.50%,595,254,769,"2,101"
OR-502,589,555,81,14.60%,246,343,0,77,242,347,246,212,0,0.00%,12,0,14,91,155,343,343,343,81,23.60%,63,151,192,0,0,0,0,0.00%,0,522,522,522,55,10.50%,99,70,154,368
OR-503,345,318,215,67.60%,135,210,0,83,232,113,135,108,79,73.10%,0,38,21,73,62,210,210,210,136,64.80%,62,159,51,0,0,0,0,0.00%,0,43,43,43,0,0.00%,43,4,16,27
OR-505,"2,549","2,270",845,37.20%,"1,160","1,384",5,426,"1,219","1,330","1,160",940,94,10.00%,45,222,162,449,711,"1,384","1,384","1,325",746,56.30%,264,770,614,5,5,5,5,100.00%,5,701,701,701,164,23.40%,122,98,275,426
OR-506,274,248,242,97.60%,98,166,10,76,216,58,98,72,72,100.00%,0,0,26,93,5,166,166,166,160,96.40%,50,123,43,10,10,10,10,100.00%,10,350,350,350,350,100.00%,47,60,164,186
OR-507,136,105,105,100.00%,34,102,0,48,118,18,34,16,16,100.00%,0,0,9,30,4,102,102,89,89,100.00%,39,88,14,0,0,0,0,0.00%,0,216,216,210,210,100.00%,19,34,113,103
PA-500,"6,103","5,918","4,865",82.20%,"3,727","2,306",70,"1,022","3,279","2,824","3,727","3,627","2,820",77.80%,348,37,516,"1,535","2,192","2,306","2,306","2,221","1,975",88.90%,506,"1,744",562,70,70,70,70,100.00%,70,"4,732","4,732","4,732","4,195",88.70%,646,847,"2,877","1,855"
PA-501,388,370,342,92.40%,187,176,25,72,201,187,187,169,164,97.00%,32,23,28,82,105,176,176,176,153,86.90%,44,119,57,25,25,25,25,100.00%,25,157,157,157,105,66.90%,42,15,47,110
PA-502,684,633,561,88.60%,371,313,0,143,447,237,371,348,312,89.70%,0,55,69,200,171,313,313,285,249,87.40%,74,247,66,0,0,0,0,0.00%,0,277,277,277,252,91.00%,36,33,117,160
PA-503,238,191,173,90.60%,102,136,0,33,91,147,102,80,80,100.00%,0,105,11,26,76,136,136,111,93,83.80%,22,65,71,0,0,0,0,0.00%,0,246,246,246,225,91.50%,32,40,151,95
PA-504,460,370,349,94.30%,204,256,0,102,364,96,204,183,162,88.50%,45,15,35,142,62,256,256,187,187,100.00%,67,222,34,0,0,0,0,0.00%,0,183,183,183,183,100.00%,58,18,58,125
PA-505,799,703,276,39.30%,323,468,8,81,255,544,323,307,112,36.50%,12,0,20,66,257,468,468,388,156,40.20%,61,189,279,8,8,8,8,100.00%,8,394,394,394,265,67.30%,17,71,172,222
PA-506,479,401,341,85.00%,186,293,0,73,248,231,186,160,100,62.50%,40,0,15,61,125,293,293,241,241,100.00%,58,187,106,0,0,0,0,0.00%,0,304,304,304,274,90.10%,58,44,139,165
PA-507,"1,247",862,712,82.60%,633,614,0,251,829,418,633,338,265,78.40%,20,34,116,401,232,614,614,524,447,85.30%,135,428,186,0,0,0,0,0.00%,0,433,433,433,243,56.10%,74,31,79,354
PA-508,229,208,208,100.00%,53,176,0,54,152,77,53,41,41,100.00%,24,7,9,23,30,176,176,167,167,100.00%,45,129,47,0,0,0,0,0.00%,0,51,51,51,51,100.00%,51,0,0,51
PA-509,921,757,622,82.20%,325,596,0,198,658,263,325,221,189,85.50%,40,3,48,182,143,596,596,536,433,80.80%,150,476,120,0,0,0,0,0.00%,0,330,330,330,330,100.00%,96,42,125,205
PA-510,642,581,570,98.10%,260,382,0,123,365,277,260,222,222,100.00%,65,3,41,128,132,382,382,359,348,96.90%,82,237,145,0,0,0,0,0.00%,0,157,157,157,112,71.30%,25,23,61,96
PA-511,489,476,434,91.20%,96,393,0,125,368,121,96,83,82,98.80%,0,20,26,70,26,393,393,393,352,89.60%,99,298,95,0,0,0,0,0.00%,0,44,44,44,36,81.80%,22,0,0,44
PA-512,390,291,291,100.00%,213,177,0,37,200,190,213,176,176,100.00%,0,9,12,101,112,177,177,115,115,100.00%,25,99,78,0,0,0,0,0.00%,0,159,159,159,159,100.00%,8,1,2,157
PA-600,"1,484","1,360","1,112",81.80%,478,968,38,269,746,738,478,405,281,69.40%,108,15,61,190,288,968,968,917,793,86.50%,208,556,412,38,38,38,38,100.00%,38,"1,238","1,238","1,238","1,083",87.50%,389,258,782,456
PA-601,742,595,542,91.10%,341,369,32,105,414,328,341,250,197,78.80%,0,32,28,171,170,369,369,313,313,100.00%,77,243,126,32,32,32,32,100.00%,32,391,391,332,232,69.90%,60,53,158,233
PA-602,476,295,120,40.70%,325,151,0,66,224,252,325,188,35,18.60%,0,11,37,141,184,151,151,107,85,79.40%,29,83,68,0,0,0,0,0.00%,0,343,343,315,282,89.50%,53,37,104,239
PA-603,130,95,95,100.00%,43,87,0,18,60,70,43,18,18,100.00%,10,0,9,31,12,87,87,77,77,100.00%,9,29,58,0,0,0,0,0.00%,0,129,129,129,129,100.00%,5,15,42,87
PA-605,462,349,337,96.60%,281,181,0,81,255,207,281,196,196,100.00%,0,2,33,138,143,181,181,153,141,92.20%,48,117,64,0,0,0,0,0.00%,0,327,327,327,327,100.00%,53,46,117,210
PR-502,"1,260","1,036",981,94.70%,356,882,22,99,234,"1,026",356,230,221,96.10%,0,0,30,67,289,882,882,784,747,95.30%,69,167,715,22,22,22,13,59.10%,22,840,840,840,565,67.30%,294,114,220,620
PR-503,793,592,592,100.00%,262,476,55,72,280,513,262,173,173,100.00%,0,0,6,87,175,476,476,364,364,100.00%,66,193,283,55,55,55,55,100.00%,55,228,228,228,228,100.00%,129,37,106,122
RI-500,"1,300","1,170",998,85.30%,767,515,18,270,662,638,767,657,577,87.80%,117,23,138,345,422,515,515,495,404,81.60%,132,317,198,18,18,18,17,94.40%,18,"1,731","1,731","1,731","1,291",74.60%,294,201,652,"1,079"
SC-500,467,407,178,43.70%,209,258,0,26,137,330,209,149,124,83.20%,10,0,21,92,117,258,258,258,54,20.90%,5,45,213,0,0,0,0,0.00%,0,215,215,215,58,27.00%,50,2,18,197
SC-501,"1,736","1,533","1,098",71.60%,825,899,12,167,736,"1,000",825,637,443,69.50%,213,242,35,332,493,899,899,884,643,72.70%,132,404,495,12,12,12,12,100.00%,12,178,178,178,128,71.90%,107,8,20,158
SC-502,908,781,693,88.70%,327,581,0,137,387,521,327,200,154,77.00%,235,60,51,156,171,581,581,581,539,92.80%,86,231,350,0,0,0,0,0.00%,0,672,672,585,585,100.00%,61,100,333,339
SC-503,680,574,494,86.10%,326,354,0,93,320,360,326,248,216,87.10%,0,94,40,133,193,354,354,326,278,85.30%,53,187,167,0,0,0,0,0.00%,0,413,413,413,357,86.40%,57,81,261,152
SD-500,"1,319",947,307,32.40%,718,601,0,257,713,606,718,346,164,47.40%,0,42,162,451,267,601,601,601,143,23.80%,95,262,339,0,0,0,0,0.00%,0,281,281,281,245,87.20%,121,49,133,148
TN-500,301,257,253,98.40%,169,132,0,51,161,140,169,169,165,97.60%,0,92,12,44,125,132,132,88,88,100.00%,39,117,15,0,0,0,0,0.00%,0,404,404,385,311,80.80%,109,51,153,251
TN-501,"1,865","1,769","1,367",77.30%,466,"1,399",0,237,837,"1,028",466,440,353,80.20%,0,200,51,166,300,"1,399","1,399","1,329","1,014",76.30%,186,671,728,0,0,0,0,0.00%,0,546,546,546,325,59.50%,181,41,121,425
TN-502,876,849,662,78.00%,402,474,0,76,206,670,402,385,380,98.70%,0,172,32,68,334,474,474,464,282,60.80%,44,138,336,0,0,0,0,0.00%,0,914,914,851,680,79.90%,280,184,420,494
TN-503,345,260,169,65.00%,194,151,0,25,85,260,194,123,86,69.90%,0,29,18,55,139,151,151,137,83,60.60%,7,30,121,0,0,0,0,0.00%,0,124,124,124,124,100.00%,24,12,48,76
TN-504,"1,606","1,485",486,32.70%,725,865,16,130,387,"1,219",725,662,93,14.00%,240,0,55,157,568,865,865,807,377,46.70%,75,230,635,16,16,16,16,100.00%,16,"1,071","1,071","1,071",764,71.30%,125,204,445,626
TN-506,277,209,97,46.40%,217,60,0,38,121,156,217,153,41,26.80%,0,0,27,84,133,60,60,56,56,100.00%,11,37,23,0,0,0,0,0.00%,0,65,65,65,65,100.00%,63,30,51,14
TN-507,479,421,42,10.00%,243,228,8,52,160,319,243,216,0,0.00%,0,15,33,98,145,228,228,197,34,17.30%,19,62,166,8,8,8,8,100.00%,8,181,181,181,181,100.00%,31,12,31,150
TN-509,466,369,226,61.20%,346,120,0,47,148,318,346,249,118,47.40%,0,0,37,118,228,120,120,120,108,90.00%,10,30,90,0,0,0,0,0.00%,0,274,274,262,192,73.30%,206,28,72,202
TN-510,153,98,87,88.80%,127,26,0,22,92,61,127,79,75,94.90%,0,8,18,78,49,26,26,19,12,63.20%,4,14,12,0,0,0,0,0.00%,0,118,118,118,69,58.50%,33,21,61,57
TN-512,378,240,155,64.60%,270,108,0,84,208,170,270,139,98,70.50%,55,14,65,182,88,108,108,101,57,56.40%,19,26,82,0,0,0,0,0.00%,0,24,24,24,0,0.00%,8,0,0,24
TX-500,"2,346","2,101","1,856",88.30%,"1,332",970,44,370,"1,232","1,114","1,332","1,152","1,094",95.00%,35,12,153,524,808,970,970,905,718,79.30%,217,708,262,44,44,44,44,100.00%,44,876,876,876,476,54.30%,44,158,522,354
TX-501,952,887,335,37.80%,664,288,0,123,237,715,664,599,197,32.90%,80,10,108,187,477,288,288,288,138,47.90%,15,50,238,0,0,0,0,0.00%,0,132,132,132,15,11.40%,20,12,48,84
TX-503,"1,214","1,000",897,89.70%,607,591,16,322,740,474,607,521,521,100.00%,15,164,120,263,344,591,591,463,360,77.80%,202,477,114,16,16,16,16,100.00%,16,871,871,871,647,74.30%,232,122,275,596
TX-504,144,118,82,69.50%,104,40,0,26,84,60,104,78,42,53.80%,0,30,20,54,50,40,40,40,40,100.00%,6,30,10,0,0,0,0,0.00%,0,42,42,42,42,100.00%,21,4,8,34
TX-600,"4,675","4,138","1,359",32.80%,"2,169","2,461",45,485,"1,578","3,097","2,169","1,873",110,5.90%,0,95,162,551,"1,618","2,461","2,461","2,220","1,204",54.20%,323,"1,027","1,434",45,45,45,45,100.00%,45,"1,640","1,640","1,640","1,061",64.70%,711,82,191,"1,449"
TX-601,"2,264","1,917","1,917",100.00%,"1,344",900,20,345,"1,092","1,172","1,344","1,170","1,170",100.00%,33,46,106,432,912,900,900,727,727,100.00%,239,660,240,20,20,20,20,100.00%,20,"1,512","1,512","1,512","1,512",100.00%,700,206,524,988
TX-603,"1,298","1,194","1,009",84.50%,777,501,20,159,603,695,777,688,618,89.80%,0,76,67,267,510,501,501,486,371,76.30%,92,336,165,20,20,20,20,100.00%,20,270,270,270,145,53.70%,92,15,52,218
TX-604,286,213,197,92.50%,109,161,16,33,126,160,109,54,54,100.00%,0,33,13,46,63,161,161,143,143,100.00%,20,80,81,16,16,16,0,0.00%,16,102,102,102,31,30.40%,15,6,20,82
TX-607,"4,186","2,612","1,766",67.60%,"3,267",919,0,659,"2,422","1,764","3,267","1,877","1,193",63.60%,20,273,467,"1,825","1,442",919,919,735,573,78.00%,192,597,322,0,0,0,0,0.00%,0,382,382,382,124,32.50%,112,44,121,261
TX-610,76,52,52,100.00%,58,18,0,12,42,34,58,34,34,100.00%,0,18,7,24,34,18,18,18,18,100.00%,5,18,.,0,0,0,0,0.00%,0,48,48,48,48,100.00%,0,4,12,36
TX-611,609,585,581,99.30%,526,83,0,61,217,392,526,502,498,99.20%,0,20,34,139,387,83,83,83,83,100.00%,27,78,5,0,0,0,0,0.00%,0,96,96,96,52,54.20%,53,8,22,74
TX-624,284,190,190,100.00%,284,0,0,32,142,142,284,190,190,100.00%,0,0,32,142,142,0,0,0,0,0.00%,0,0,0,0,0,0,0,0.00%,0,4,4,4,4,100.00%,0,1,4,0
TX-700,"4,695","3,867","2,751",71.10%,"1,378","3,292",25,565,"1,841","2,854","1,378","1,167","1,063",91.10%,0,203,154,530,848,"3,292","3,292","2,675","1,663",62.20%,411,"1,311","1,981",25,25,25,25,100.00%,25,"3,002","3,002","2,796","1,631",58.30%,573,522,"1,802","1,200"
TX-701,302,257,237,92.20%,207,95,0,47,105,197,207,162,148,91.40%,0,9,27,65,142,95,95,95,89,93.70%,20,40,55,0,0,0,0,0.00%,0,0,0,0,0,0.00%,0,0,0,0
TX-702,270,167,63,37.70%,150,120,0,67,178,92,150,95,23,24.20%,0,10,32,90,60,120,120,72,40,55.60%,35,88,32,0,0,0,0,0.00%,0,16,16,16,16,100.00%,7,3,9,7
TX-703,722,620,142,22.90%,259,463,0,103,235,487,259,209,79,37.80%,0,25,36,78,181,463,463,411,63,15.30%,67,157,306,0,0,0,0,0.00%,0,62,62,62,32,51.60%,12,19,44,18
UT-500,"1,746","1,421","1,245",87.60%,916,781,49,234,801,945,916,728,620,85.20%,452,105,99,322,594,781,781,644,576,89.40%,135,479,302,49,49,49,49,100.00%,49,"1,297","1,297","1,297","1,203",92.80%,415,156,539,758
UT-503,"1,048",607,442,72.80%,512,536,0,180,696,352,512,286,204,71.30%,110,76,74,319,193,536,536,321,238,74.10%,106,377,159,0,0,0,0,0.00%,0,164,164,164,99,60.40%,95,12,24,140
UT-504,160,96,62,64.60%,73,87,0,34,111,49,73,31,15,48.40%,0,0,16,62,11,87,87,65,47,72.30%,18,49,38,0,0,0,0,0.00%,0,132,132,132,120,90.90%,57,11,36,96
VA-500,968,904,698,77.20%,310,648,10,90,306,662,310,258,258,100.00%,69,120,29,118,192,648,648,636,430,67.60%,61,188,460,10,10,10,10,100.00%,10,525,525,525,257,49.00%,117,79,236,289
VA-501,571,467,264,56.50%,364,207,0,75,321,250,364,308,127,41.20%,108,72,42,186,178,207,207,159,137,86.20%,33,135,72,0,0,0,0,0.00%,0,357,357,357,271,75.90%,161,31,132,225
VA-502,635,599,194,32.40%,408,227,0,39,169,466,408,372,80,21.50%,0,5,20,104,304,227,227,227,114,50.20%,19,65,162,0,0,0,0,0.00%,0,114,114,114,47,41.20%,17,11,28,86
VA-503,380,250,213,85.20%,125,255,0,69,278,102,125,62,61,98.40%,64,0,16,74,51,255,255,188,152,80.90%,53,204,51,0,0,0,0,0.00%,0,275,275,275,275,100.00%,50,19,50,225
VA-504,180,147,115,78.20%,92,88,0,50,96,84,92,67,58,86.60%,60,10,26,26,66,88,88,80,57,71.30%,24,70,18,0,0,0,0,0.00%,0,65,65,65,65,100.00%,46,5,13,52
VA-505,580,441,197,44.70%,237,321,22,103,289,291,237,173,30,17.30%,213,38,47,71,166,321,321,246,145,58.90%,56,218,103,22,22,22,22,100.00%,22,439,439,439,155,35.30%,71,60,160,279
VA-507,143,101,101,100.00%,72,71,0,30,111,32,72,30,30,100.00%,60,0,17,62,10,71,71,71,71,100.00%,13,49,22,0,0,0,0,0.00%,0,135,135,135,64,47.40%,62,0,0,135
VA-508,246,246,177,72.00%,137,109,0,38,132,114,137,137,86,62.80%,0,0,25,81,56,109,109,109,91,83.50%,13,51,58,0,0,0,0,0.00%,0,44,44,44,44,100.00%,0,14,32,12
VA-509,68,68,68,100.00%,46,22,0,14,14,54,46,46,46,100.00%,0,10,14,14,32,22,22,22,22,100.00%,.,.,22,0,0,0,0,0.00%,0,0,0,0,0,0.00%,0,0,0,0
VA-510,89,69,0,0.00%,81,8,0,57,57,32,81,61,0,0.00%,0,0,57,57,24,8,8,8,0,0.00%,.,.,8,0,0,0,0,0.00%,0,55,55,55,22,40.00%,0,0,0,55
VA-513,234,130,34,26.20%,168,66,0,30,92,142,168,89,22,24.70%,0,29,15,45,123,66,66,41,12,29.30%,15,47,19,0,0,0,0,0.00%,0,45,45,45,4,8.90%,7,10,28,17
VA-514,143,120,112,93.30%,111,32,0,29,84,59,111,88,80,90.90%,37,13,16,52,59,32,32,32,32,100.00%,13,32,0,0,0,0,0,0.00%,0,108,108,46,0,0.00%,31,25,62,46
VA-517,58,58,35,60.30%,46,12,0,3,31,27,46,46,35,76.10%,0,4,3,31,15,12,12,12,0,0.00%,.,.,12,0,0,0,0,0.00%,0,0,0,0,0,0.00%,0,0,0,0
VA-518,170,154,147,95.50%,142,28,0,25,105,65,142,126,126,100.00%,22,0,20,84,58,28,28,28,21,75.00%,5,21,7,0,0,0,0,0.00%,0,0,0,0,0,0.00%,0,0,0,0
VA-521,901,631,589,93.30%,457,444,0,174,736,165,457,236,215,91.10%,30,7,71,322,135,444,444,395,374,94.70%,103,414,30,0,0,0,0,0.00%,0,12,12,12,12,100.00%,12,0,0,12
VA-600,274,274,263,96.00%,126,143,5,71,213,61,126,126,115,91.30%,73,15,26,82,44,143,143,143,143,100.00%,45,131,12,5,5,5,5,100.00%,5,113,113,113,113,100.00%,56,14,36,77
VA-601,"1,204","1,060",912,86.00%,402,794,8,267,884,320,402,346,338,97.70%,196,108,73,250,152,794,794,706,566,80.20%,194,634,160,8,8,8,8,100.00%,8,392,392,392,342,87.20%,126,27,99,293
VA-602,142,130,130,100.00%,77,65,0,40,117,25,77,65,65,100.00%,16,2,26,61,16,65,65,65,65,100.00%,14,56,9,0,0,0,0,0.00%,0,2,2,2,2,100.00%,1,0,0,2
VA-603,355,338,286,84.60%,195,148,12,55,182,173,195,178,178,100.00%,67,67,26,90,105,148,148,148,96,64.90%,29,92,56,12,12,12,12,100.00%,12,52,52,52,33,63.50%,0,6,15,37
VA-604,349,319,319,100.00%,138,211,0,92,294,55,138,108,108,100.00%,47,0,34,83,55,211,211,211,211,100.00%,58,211,0,0,0,0,0,0.00%,0,26,26,26,18,69.20%,26,0,0,26
VI-500,195,141,141,100.00%,71,124,0,34,72,123,71,37,37,100.00%,0,0,12,44,27,124,124,104,104,100.00%,22,28,96,0,0,0,0,0.00%,0,52,52,52,35,67.30%,14,17,26,26
VT-500,527,424,259,61.10%,265,256,6,113,306,221,265,193,128,66.30%,47,15,55,147,118,256,256,225,125,55.60%,58,159,97,6,6,6,6,100.00%,6,399,399,399,294,73.70%,120,37,98,301
VT-501,278,185,165,89.20%,189,89,0,57,163,115,189,156,136,87.20%,4,2,38,110,79,89,89,29,29,100.00%,19,53,36,0,0,0,0,0.00%,0,94,94,94,81,86.20%,39,2,6,88
WA-500,"6,861","6,238","5,192",83.20%,"2,503","4,313",45,"1,128","4,062","2,799","2,503","2,317","1,931",83.30%,205,218,224,810,"1,693","4,313","4,313","3,876","3,216",83.00%,904,"3,252","1,061",45,45,45,45,100.00%,45,"4,059","4,059","4,059","3,380",83.30%,"1,503",253,825,"3,234"
WA-501,"3,956","3,279","2,628",80.10%,"1,800","2,156",0,805,"2,516","1,440","1,800","1,296","1,009",77.90%,242,142,325,"1,124",676,"2,156","2,156","1,983","1,619",81.60%,480,"1,392",764,0,0,0,0,0.00%,0,"1,435","1,435","1,398",871,62.30%,346,112,349,"1,086"
WA-502,"1,408","1,307",802,61.40%,682,726,0,241,778,630,682,642,360,56.10%,0,0,64,279,403,726,726,665,442,66.50%,177,499,227,0,0,0,0,0.00%,0,475,475,475,266,56.00%,114,65,143,332
WA-503,"1,865","1,633","1,323",81.00%,409,"1,456",0,518,"1,420",445,409,344,324,94.20%,186,37,67,170,239,"1,456","1,456","1,289",999,77.50%,451,"1,250",206,0,0,0,0,0.00%,0,506,506,506,313,61.90%,273,26,82,424
WA-504,"1,468","1,387","1,336",96.30%,394,"1,074",0,368,"1,149",319,394,375,361,96.30%,0,20,46,151,243,"1,074","1,074","1,012",975,96.30%,322,998,76,0,0,0,0,0.00%,0,"1,034","1,034","1,034",841,81.30%,229,196,611,423
WA-507,542,485,224,46.20%,335,207,0,132,365,177,335,298,101,33.90%,55,0,54,174,161,207,207,187,123,65.80%,78,191,16,0,0,0,0,0.00%,0,197,197,197,116,58.90%,9,23,60,137
WA-508,569,546,546,100.00%,146,413,10,158,400,169,146,123,123,100.00%,74,39,44,104,42,413,413,413,413,100.00%,114,296,117,10,10,10,10,100.00%,10,893,893,893,311,34.80%,225,126,405,488
WI-500,"4,105","2,917","2,545",87.20%,"2,030","2,068",7,900,"2,767","1,338","2,030","1,257","1,047",83.30%,117,322,380,"1,225",805,"2,068","2,068","1,653","1,491",90.20%,520,"1,542",526,7,7,7,7,100.00%,7,502,502,502,341,67.90%,27,41,131,371
WI-501,"1,631","1,558","1,409",90.40%,765,823,43,272,789,842,765,702,639,91.00%,31,0,117,322,443,823,823,813,727,89.40%,155,467,356,43,43,43,43,100.00%,43,"1,078","1,078","1,078",948,87.90%,134,81,230,848
WI-502,322,257,239,93.00%,206,116,0,49,150,172,206,175,157,89.70%,0,30,29,87,119,116,116,82,82,100.00%,20,63,53,0,0,0,0,0.00%,0,76,76,71,36,50.70%,19,1,4,72
WI-503,634,587,570,97.10%,323,297,14,114,323,311,323,291,291,100.00%,35,16,60,159,164,297,297,282,265,94.00%,54,164,133,14,14,14,14,100.00%,14,860,860,860,860,100.00%,23,133,508,352
WV-500,143,101,101,100.00%,103,40,0,22,64,79,103,74,74,100.00%,16,6,11,30,73,40,40,27,27,100.00%,11,34,6,0,0,0,0,0.00%,0,16,16,16,16,100.00%,11,0,0,16
WV-501,340,319,319,100.00%,185,144,11,55,176,164,185,164,164,100.00%,0,0,19,72,113,144,144,144,144,100.00%,36,104,40,11,11,11,11,100.00%,11,465,465,465,450,96.80%,70,32,94,371
WV-503,445,428,248,57.90%,312,133,0,55,174,271,312,295,151,51.20%,0,42,37,116,196,133,133,133,97,72.90%,18,58,75,0,0,0,0,0.00%,0,97,97,97,92,94.80%,60,2,5,92
WV-508,950,723,446,61.70%,604,346,0,106,326,624,604,468,308,65.80%,40,23,53,161,443,346,346,255,138,54.10%,53,165,181,0,0,0,0,0.00%,0,237,237,237,103,43.50%,113,28,69,168
WY-500,753,521,375,72.00%,514,239,0,141,368,385,514,324,228,70.40%,0,31,90,233,281,239,239,197,147,74.60%,51,135,104,0,0,0,0,0.00%,0,127,127,127,14,11.00%,14,0,0,127
Total,"429,835","375,613","292,160",,"225,840","201,879","2,116","70,789","221,083","208,752","225,840","190,684","150,555",,"18,952","32,567","34,987","110,703","115,137","201,879","201,879","182,822","139,561",,"35,802","110,380","91,499","2,116","2,116","2,107","2,044",,"2,116","267,106","267,106","264,945","183,682",,"67,964","37,213","105,981","161,125"
